# tracer: nop
#
# entries-in-buffer/entries-written: 863/863   #P:2
#
#                              _-----=> irqs-off
#                             / _----=> need-resched
#                            | / _---=> hardirq/softirq
#                            || / _--=> preempt-depth
#                            ||| /     delay
#           TASK-PID   CPU#  ||||    TIMESTAMP  FUNCTION
#              | |       |   ||||       |         |
             cat-189   [000] d...    10.544914: mm_vmscan_wakeup_kswapd: nid=0 zid=1 order=1 gfp_flags=GFP_NOWAIT|__GFP_NOWARN|__GFP_NORETRY|__GFP_COMP|__GFP_RECLAIMABLE
         kswapd0-32    [001] ....    10.547856: mm_vmscan_kswapd_wake: nid=0 zid=1 order=1
         kswapd0-32    [001] ....    10.548947: mm_vmscan_inactive_list_is_low: nid=0 reclaim_idx=1 total_inactive=614 inactive=614 total_active=399 active=399 ratio=1 flags=RECLAIM_WB_ANON
         kswapd0-32    [001] d...    10.551545: mm_vmscan_lru_isolate: isolate_mode=0 classzone=1 order=1 nr_requested=6 nr_scanned=6 nr_skipped=0 nr_taken=6 lru=inactive_file
         kswapd0-32    [001] ....    10.555716: mm_vmscan_lru_shrink_inactive: nid=0 nr_scanned=6 nr_reclaimed=4 nr_dirty=1 nr_writeback=0 nr_congested=0 nr_immediate=0 nr_activate=2 nr_ref_keep=0 nr_unmap_fail=0 priority=12 flags=RECLAIM_WB_FILE|RECLAIM_WB_ASYNC
         kswapd0-32    [001] ....    10.555887: mm_vmscan_inactive_list_is_low: nid=0 reclaim_idx=1 total_inactive=614 inactive=614 total_active=399 active=399 ratio=1 flags=RECLAIM_WB_ANON
         kswapd0-32    [001] ....    10.556230: mm_shrink_slab_start: super_cache_scan+0x0/0x2f8 (____ptrval____): nid: 0 objects to shrink 42 gfp_flags GFP_KERNEL cache items 87 delta 43 total_scan 85 priority 12
         kswapd0-32    [001] ....    10.556476: mm_shrink_slab_end: super_cache_scan+0x0/0x2f8 (____ptrval____): nid: 0 unused scan count 42 new scan count 85 total_scan 85 last shrinker return val 0
         kswapd0-32    [001] ....    10.556587: mm_shrink_slab_start: super_cache_scan+0x0/0x2f8 (____ptrval____): nid: 0 objects to shrink 370 gfp_flags GFP_KERNEL cache items 741 delta 370 total_scan 740 priority 12
         kswapd0-32    [001] ....    10.556591: mm_shrink_slab_end: super_cache_scan+0x0/0x2f8 (____ptrval____): nid: 0 unused scan count 370 new scan count 740 total_scan 740 last shrinker return val 0
         kswapd0-32    [001] ....    10.556601: mm_shrink_slab_start: super_cache_scan+0x0/0x2f8 (____ptrval____): nid: 0 objects to shrink 0 gfp_flags GFP_KERNEL cache items 1 delta 0 total_scan 0 priority 12
         kswapd0-32    [001] ....    10.556604: mm_shrink_slab_end: super_cache_scan+0x0/0x2f8 (____ptrval____): nid: 0 unused scan count 0 new scan count 0 total_scan 0 last shrinker return val 0
         kswapd0-32    [001] ....    10.557068: mm_vmscan_inactive_list_is_low: nid=0 reclaim_idx=1 total_inactive=614 inactive=614 total_active=399 active=399 ratio=1 flags=RECLAIM_WB_ANON
         kswapd0-32    [001] d...    10.557115: mm_vmscan_lru_isolate: isolate_mode=0 classzone=1 order=0 nr_requested=13 nr_scanned=13 nr_skipped=0 nr_taken=13 lru=inactive_file
         kswapd0-32    [001] ....    10.557341: mm_vmscan_lru_shrink_inactive: nid=0 nr_scanned=13 nr_reclaimed=13 nr_dirty=0 nr_writeback=0 nr_congested=0 nr_immediate=0 nr_activate=0 nr_ref_keep=0 nr_unmap_fail=0 priority=11 flags=RECLAIM_WB_FILE|RECLAIM_WB_ASYNC
         kswapd0-32    [001] ....    10.557351: mm_vmscan_inactive_list_is_low: nid=0 reclaim_idx=1 total_inactive=614 inactive=614 total_active=399 active=399 ratio=1 flags=RECLAIM_WB_ANON
         kswapd0-32    [001] ....    10.557362: mm_shrink_slab_start: super_cache_scan+0x0/0x2f8 (____ptrval____): nid: 0 objects to shrink 85 gfp_flags GFP_KERNEL cache items 87 delta 43 total_scan 128 priority 11
         kswapd0-32    [001] ....    10.559781: mm_shrink_slab_end: super_cache_scan+0x0/0x2f8 (____ptrval____): nid: 0 unused scan count 85 new scan count 0 total_scan 0 last shrinker return val 87
         kswapd0-32    [001] ....    10.559810: mm_shrink_slab_start: super_cache_scan+0x0/0x2f8 (____ptrval____): nid: 0 objects to shrink 740 gfp_flags GFP_KERNEL cache items 741 delta 370 total_scan 1110 priority 11
         kswapd0-32    [001] ....    10.571971: mm_shrink_slab_end: super_cache_scan+0x0/0x2f8 (____ptrval____): nid: 0 unused scan count 740 new scan count 86 total_scan 86 last shrinker return val 614
         kswapd0-32    [001] ....    10.571994: mm_shrink_slab_start: super_cache_scan+0x0/0x2f8 (____ptrval____): nid: 0 objects to shrink 0 gfp_flags GFP_KERNEL cache items 1 delta 0 total_scan 0 priority 11
         kswapd0-32    [001] ....    10.572000: mm_shrink_slab_end: super_cache_scan+0x0/0x2f8 (____ptrval____): nid: 0 unused scan count 0 new scan count 0 total_scan 0 last shrinker return val 0
         kswapd0-32    [001] ....    10.572157: mm_vmscan_inactive_list_is_low: nid=0 reclaim_idx=1 total_inactive=614 inactive=614 total_active=399 active=399 ratio=1 flags=RECLAIM_WB_ANON
         kswapd0-32    [001] d...    10.572218: mm_vmscan_lru_isolate: isolate_mode=0 classzone=1 order=0 nr_requested=27 nr_scanned=27 nr_skipped=0 nr_taken=27 lru=inactive_file
         kswapd0-32    [001] ....    10.572866: mm_vmscan_lru_shrink_inactive: nid=0 nr_scanned=27 nr_reclaimed=24 nr_dirty=0 nr_writeback=0 nr_congested=0 nr_immediate=0 nr_activate=0 nr_ref_keep=0 nr_unmap_fail=0 priority=10 flags=RECLAIM_WB_FILE|RECLAIM_WB_ASYNC
         kswapd0-32    [001] ....    10.572879: mm_vmscan_inactive_list_is_low: nid=0 reclaim_idx=1 total_inactive=614 inactive=614 total_active=399 active=399 ratio=1 flags=RECLAIM_WB_ANON
         kswapd0-32    [001] ....    10.572909: mm_shrink_slab_start: super_cache_scan+0x0/0x2f8 (____ptrval____): nid: 0 objects to shrink 86 gfp_flags GFP_KERNEL cache items 127 delta 63 total_scan 149 priority 10
         kswapd0-32    [001] ....    10.577084: mm_shrink_slab_end: super_cache_scan+0x0/0x2f8 (____ptrval____): nid: 0 unused scan count 86 new scan count 0 total_scan 0 last shrinker return val 127
         kswapd0-32    [001] ....    10.577107: mm_shrink_slab_start: super_cache_scan+0x0/0x2f8 (____ptrval____): nid: 0 objects to shrink 0 gfp_flags GFP_KERNEL cache items 1 delta 0 total_scan 0 priority 10
         kswapd0-32    [001] ....    10.577112: mm_shrink_slab_end: super_cache_scan+0x0/0x2f8 (____ptrval____): nid: 0 unused scan count 0 new scan count 0 total_scan 0 last shrinker return val 0
         kswapd0-32    [001] ....    10.577133: mm_vmscan_inactive_list_is_low: nid=0 reclaim_idx=1 total_inactive=614 inactive=614 total_active=399 active=399 ratio=1 flags=RECLAIM_WB_ANON
         kswapd0-32    [001] d...    10.577223: mm_vmscan_lru_isolate: isolate_mode=0 classzone=1 order=0 nr_requested=32 nr_scanned=32 nr_skipped=0 nr_taken=32 lru=inactive_file
         kswapd0-32    [001] ....    10.577748: mm_vmscan_lru_shrink_inactive: nid=0 nr_scanned=32 nr_reclaimed=32 nr_dirty=0 nr_writeback=0 nr_congested=0 nr_immediate=0 nr_activate=0 nr_ref_keep=0 nr_unmap_fail=0 priority=9 flags=RECLAIM_WB_FILE|RECLAIM_WB_ASYNC
         kswapd0-32    [001] d...    10.577780: mm_vmscan_lru_isolate: isolate_mode=0 classzone=1 order=0 nr_requested=23 nr_scanned=23 nr_skipped=0 nr_taken=23 lru=inactive_file
         kswapd0-32    [001] ....    10.578125: mm_vmscan_lru_shrink_inactive: nid=0 nr_scanned=23 nr_reclaimed=23 nr_dirty=0 nr_writeback=0 nr_congested=0 nr_immediate=0 nr_activate=0 nr_ref_keep=0 nr_unmap_fail=0 priority=9 flags=RECLAIM_WB_FILE|RECLAIM_WB_ASYNC
         kswapd0-32    [001] ....    10.578148: mm_vmscan_inactive_list_is_low: nid=0 reclaim_idx=1 total_inactive=614 inactive=614 total_active=399 active=399 ratio=1 flags=RECLAIM_WB_ANON
         kswapd0-32    [001] ....    10.578207: mm_shrink_slab_start: super_cache_scan+0x0/0x2f8 (____ptrval____): nid: 0 objects to shrink 0 gfp_flags GFP_KERNEL cache items 1 delta 0 total_scan 0 priority 9
         kswapd0-32    [001] ....    10.578214: mm_shrink_slab_end: super_cache_scan+0x0/0x2f8 (____ptrval____): nid: 0 unused scan count 0 new scan count 0 total_scan 0 last shrinker return val 0
         kswapd0-32    [001] ....    10.578226: mm_vmscan_inactive_list_is_low: nid=0 reclaim_idx=1 total_inactive=614 inactive=614 total_active=399 active=399 ratio=1 flags=RECLAIM_WB_ANON
         kswapd0-32    [001] d...    10.578276: mm_vmscan_lru_isolate: isolate_mode=0 classzone=1 order=0 nr_requested=32 nr_scanned=32 nr_skipped=0 nr_taken=32 lru=inactive_file
         kswapd0-32    [001] ....    10.578687: mm_vmscan_lru_shrink_inactive: nid=0 nr_scanned=32 nr_reclaimed=32 nr_dirty=0 nr_writeback=0 nr_congested=0 nr_immediate=0 nr_activate=0 nr_ref_keep=0 nr_unmap_fail=0 priority=8 flags=RECLAIM_WB_FILE|RECLAIM_WB_ASYNC
         kswapd0-32    [001] d...    10.578726: mm_vmscan_lru_isolate: isolate_mode=0 classzone=1 order=0 nr_requested=32 nr_scanned=32 nr_skipped=0 nr_taken=32 lru=inactive_file
         kswapd0-32    [001] ....    10.579139: mm_vmscan_lru_shrink_inactive: nid=0 nr_scanned=32 nr_reclaimed=32 nr_dirty=0 nr_writeback=0 nr_congested=0 nr_immediate=0 nr_activate=0 nr_ref_keep=0 nr_unmap_fail=0 priority=8 flags=RECLAIM_WB_FILE|RECLAIM_WB_ASYNC
         kswapd0-32    [001] d...    10.579174: mm_vmscan_lru_isolate: isolate_mode=0 classzone=1 order=0 nr_requested=32 nr_scanned=32 nr_skipped=0 nr_taken=32 lru=inactive_file
         kswapd0-32    [001] ....    10.579624: mm_vmscan_lru_shrink_inactive: nid=0 nr_scanned=32 nr_reclaimed=32 nr_dirty=0 nr_writeback=0 nr_congested=0 nr_immediate=0 nr_activate=0 nr_ref_keep=0 nr_unmap_fail=0 priority=8 flags=RECLAIM_WB_FILE|RECLAIM_WB_ASYNC
         kswapd0-32    [001] d...    10.579646: mm_vmscan_lru_isolate: isolate_mode=0 classzone=1 order=0 nr_requested=15 nr_scanned=15 nr_skipped=0 nr_taken=15 lru=inactive_file
         kswapd0-32    [001] ....    10.579843: mm_vmscan_lru_shrink_inactive: nid=0 nr_scanned=15 nr_reclaimed=15 nr_dirty=0 nr_writeback=0 nr_congested=0 nr_immediate=0 nr_activate=0 nr_ref_keep=0 nr_unmap_fail=0 priority=8 flags=RECLAIM_WB_FILE|RECLAIM_WB_ASYNC
         kswapd0-32    [001] ....    10.579850: mm_vmscan_inactive_list_is_low: nid=0 reclaim_idx=1 total_inactive=614 inactive=614 total_active=399 active=399 ratio=1 flags=RECLAIM_WB_ANON
         kswapd0-32    [001] ....    10.579867: mm_shrink_slab_start: super_cache_scan+0x0/0x2f8 (____ptrval____): nid: 0 objects to shrink 0 gfp_flags GFP_KERNEL cache items 1 delta 0 total_scan 0 priority 8
         kswapd0-32    [001] ....    10.579870: mm_shrink_slab_end: super_cache_scan+0x0/0x2f8 (____ptrval____): nid: 0 unused scan count 0 new scan count 0 total_scan 0 last shrinker return val 0
         kswapd0-32    [001] ....    10.579880: mm_vmscan_inactive_list_is_low: nid=0 reclaim_idx=1 total_inactive=614 inactive=614 total_active=399 active=399 ratio=1 flags=RECLAIM_WB_ANON
         kswapd0-32    [001] d...    10.579919: mm_vmscan_lru_isolate: isolate_mode=0 classzone=1 order=0 nr_requested=32 nr_scanned=32 nr_skipped=0 nr_taken=32 lru=inactive_file
         kswapd0-32    [001] ....    10.580482: mm_vmscan_lru_shrink_inactive: nid=0 nr_scanned=32 nr_reclaimed=32 nr_dirty=0 nr_writeback=0 nr_congested=0 nr_immediate=0 nr_activate=0 nr_ref_keep=0 nr_unmap_fail=0 priority=7 flags=RECLAIM_WB_FILE|RECLAIM_WB_ASYNC
         kswapd0-32    [001] d...    10.580553: mm_vmscan_lru_isolate: isolate_mode=0 classzone=1 order=0 nr_requested=32 nr_scanned=32 nr_skipped=0 nr_taken=32 lru=inactive_file
         kswapd0-32    [001] ....    10.580975: mm_vmscan_lru_shrink_inactive: nid=0 nr_scanned=32 nr_reclaimed=32 nr_dirty=0 nr_writeback=0 nr_congested=0 nr_immediate=0 nr_activate=0 nr_ref_keep=0 nr_unmap_fail=0 priority=7 flags=RECLAIM_WB_FILE|RECLAIM_WB_ASYNC
         kswapd0-32    [001] d...    10.581969: mm_vmscan_lru_isolate: isolate_mode=0 classzone=1 order=0 nr_requested=32 nr_scanned=32 nr_skipped=0 nr_taken=32 lru=inactive_file
         kswapd0-32    [001] ....    10.582417: mm_vmscan_lru_shrink_inactive: nid=0 nr_scanned=32 nr_reclaimed=32 nr_dirty=0 nr_writeback=0 nr_congested=0 nr_immediate=0 nr_activate=0 nr_ref_keep=0 nr_unmap_fail=0 priority=7 flags=RECLAIM_WB_FILE|RECLAIM_WB_ASYNC
         kswapd0-32    [001] d...    10.582482: mm_vmscan_lru_isolate: isolate_mode=0 classzone=1 order=0 nr_requested=32 nr_scanned=32 nr_skipped=0 nr_taken=32 lru=inactive_file
         kswapd0-32    [001] ....    10.582920: mm_vmscan_lru_shrink_inactive: nid=0 nr_scanned=32 nr_reclaimed=32 nr_dirty=0 nr_writeback=0 nr_congested=0 nr_immediate=0 nr_activate=0 nr_ref_keep=0 nr_unmap_fail=0 priority=7 flags=RECLAIM_WB_FILE|RECLAIM_WB_ASYNC
         kswapd0-32    [001] d...    10.582979: mm_vmscan_lru_isolate: isolate_mode=0 classzone=1 order=0 nr_requested=32 nr_scanned=32 nr_skipped=0 nr_taken=32 lru=inactive_file
         kswapd0-32    [001] ....    10.583388: mm_vmscan_lru_shrink_inactive: nid=0 nr_scanned=32 nr_reclaimed=32 nr_dirty=0 nr_writeback=0 nr_congested=0 nr_immediate=0 nr_activate=0 nr_ref_keep=0 nr_unmap_fail=0 priority=7 flags=RECLAIM_WB_FILE|RECLAIM_WB_ASYNC
         kswapd0-32    [001] d...    10.583422: mm_vmscan_lru_isolate: isolate_mode=0 classzone=1 order=0 nr_requested=32 nr_scanned=32 nr_skipped=0 nr_taken=32 lru=inactive_file
         kswapd0-32    [001] ....    10.583804: mm_vmscan_lru_shrink_inactive: nid=0 nr_scanned=32 nr_reclaimed=32 nr_dirty=0 nr_writeback=0 nr_congested=0 nr_immediate=0 nr_activate=0 nr_ref_keep=0 nr_unmap_fail=0 priority=7 flags=RECLAIM_WB_FILE|RECLAIM_WB_ASYNC
         kswapd0-32    [001] d...    10.583836: mm_vmscan_lru_isolate: isolate_mode=0 classzone=1 order=0 nr_requested=30 nr_scanned=30 nr_skipped=0 nr_taken=30 lru=inactive_file
         kswapd0-32    [001] ....    10.584610: mm_vmscan_lru_shrink_inactive: nid=0 nr_scanned=30 nr_reclaimed=30 nr_dirty=0 nr_writeback=0 nr_congested=0 nr_immediate=0 nr_activate=0 nr_ref_keep=0 nr_unmap_fail=0 priority=7 flags=RECLAIM_WB_FILE|RECLAIM_WB_ASYNC
         kswapd0-32    [001] ....    10.584628: mm_vmscan_inactive_list_is_low: nid=0 reclaim_idx=1 total_inactive=614 inactive=614 total_active=399 active=399 ratio=1 flags=RECLAIM_WB_ANON
         kswapd0-32    [001] ....    10.584656: mm_shrink_slab_start: super_cache_scan+0x0/0x2f8 (____ptrval____): nid: 0 objects to shrink 0 gfp_flags GFP_KERNEL cache items 1 delta 0 total_scan 0 priority 7
         kswapd0-32    [001] ....    10.584661: mm_shrink_slab_end: super_cache_scan+0x0/0x2f8 (____ptrval____): nid: 0 unused scan count 0 new scan count 0 total_scan 0 last shrinker return val 0
             cat-189   [000] d...    10.603355: mm_vmscan_wakeup_kswapd: nid=0 zid=1 order=1 gfp_flags=GFP_NOWAIT|__GFP_NOWARN|__GFP_NORETRY|__GFP_COMP|__GFP_RECLAIMABLE
         kswapd0-32    [001] ....    10.603634: mm_vmscan_kswapd_wake: nid=0 zid=1 order=1
         kswapd0-32    [001] ....    10.603657: mm_vmscan_inactive_list_is_low: nid=0 reclaim_idx=1 total_inactive=614 inactive=614 total_active=399 active=399 ratio=1 flags=RECLAIM_WB_ANON
         kswapd0-32    [001] d...    10.603695: mm_vmscan_lru_isolate: isolate_mode=0 classzone=1 order=1 nr_requested=7 nr_scanned=7 nr_skipped=0 nr_taken=7 lru=inactive_file
             cat-189   [000] ....    10.605314: mm_vmscan_direct_reclaim_begin: order=0 may_writepage=1 gfp_flags=GFP_KERNEL|__GFP_NOWARN|__GFP_NORETRY|__GFP_COMP|__GFP_RECLAIMABLE classzone_idx=1
             cat-189   [000] d...    10.605782: mm_vmscan_lru_isolate: isolate_mode=0 classzone=1 order=0 nr_requested=7 nr_scanned=7 nr_skipped=0 nr_taken=7 lru=inactive_file
             cat-189   [000] ....    10.606057: mm_vmscan_lru_shrink_inactive: nid=0 nr_scanned=7 nr_reclaimed=7 nr_dirty=0 nr_writeback=0 nr_congested=0 nr_immediate=0 nr_activate=0 nr_ref_keep=0 nr_unmap_fail=0 priority=12 flags=RECLAIM_WB_FILE|RECLAIM_WB_ASYNC
             cat-189   [000] ....    10.606071: mm_vmscan_inactive_list_is_low: nid=0 reclaim_idx=1 total_inactive=614 inactive=614 total_active=399 active=399 ratio=1 flags=RECLAIM_WB_ANON
             cat-189   [000] ....    10.606118: mm_shrink_slab_start: super_cache_scan+0x0/0x2f8 (____ptrval____): nid: 0 objects to shrink 0 gfp_flags GFP_KERNEL|__GFP_NOWARN|__GFP_NORETRY|__GFP_COMP|__GFP_RECLAIMABLE cache items 1 delta 0 total_scan 0 priority 12
             cat-189   [000] ....    10.606125: mm_shrink_slab_end: super_cache_scan+0x0/0x2f8 (____ptrval____): nid: 0 unused scan count 0 new scan count 0 total_scan 0 last shrinker return val 0
             cat-189   [000] d...    10.606372: mm_vmscan_lru_isolate: isolate_mode=0 classzone=1 order=0 nr_requested=14 nr_scanned=14 nr_skipped=0 nr_taken=14 lru=inactive_file
             cat-189   [000] ....    10.606570: mm_vmscan_lru_shrink_inactive: nid=0 nr_scanned=14 nr_reclaimed=14 nr_dirty=0 nr_writeback=0 nr_congested=0 nr_immediate=0 nr_activate=0 nr_ref_keep=0 nr_unmap_fail=0 priority=11 flags=RECLAIM_WB_FILE|RECLAIM_WB_ASYNC
             cat-189   [000] ....    10.606578: mm_vmscan_inactive_list_is_low: nid=0 reclaim_idx=1 total_inactive=614 inactive=614 total_active=399 active=399 ratio=1 flags=RECLAIM_WB_ANON
             cat-189   [000] ....    10.606595: mm_shrink_slab_start: super_cache_scan+0x0/0x2f8 (____ptrval____): nid: 0 objects to shrink 0 gfp_flags GFP_KERNEL|__GFP_NOWARN|__GFP_NORETRY|__GFP_COMP|__GFP_RECLAIMABLE cache items 1 delta 0 total_scan 0 priority 11
             cat-189   [000] ....    10.606599: mm_shrink_slab_end: super_cache_scan+0x0/0x2f8 (____ptrval____): nid: 0 unused scan count 0 new scan count 0 total_scan 0 last shrinker return val 0
             cat-189   [000] d...    10.606638: mm_vmscan_lru_isolate: isolate_mode=0 classzone=1 order=0 nr_requested=28 nr_scanned=28 nr_skipped=0 nr_taken=28 lru=inactive_file
             cat-189   [000] ....    10.606983: mm_vmscan_lru_shrink_inactive: nid=0 nr_scanned=28 nr_reclaimed=28 nr_dirty=0 nr_writeback=0 nr_congested=0 nr_immediate=0 nr_activate=0 nr_ref_keep=0 nr_unmap_fail=0 priority=10 flags=RECLAIM_WB_FILE|RECLAIM_WB_ASYNC
             cat-189   [000] ....    10.606989: mm_vmscan_inactive_list_is_low: nid=0 reclaim_idx=1 total_inactive=614 inactive=614 total_active=399 active=399 ratio=1 flags=RECLAIM_WB_ANON
             cat-189   [000] ....    10.607004: mm_shrink_slab_start: super_cache_scan+0x0/0x2f8 (____ptrval____): nid: 0 objects to shrink 0 gfp_flags GFP_KERNEL|__GFP_NOWARN|__GFP_NORETRY|__GFP_COMP|__GFP_RECLAIMABLE cache items 1 delta 0 total_scan 0 priority 10
             cat-189   [000] ....    10.607008: mm_shrink_slab_end: super_cache_scan+0x0/0x2f8 (____ptrval____): nid: 0 unused scan count 0 new scan count 0 total_scan 0 last shrinker return val 0
             cat-189   [000] ....    10.607368: mm_vmscan_direct_reclaim_end: nr_reclaimed=49
         kswapd0-32    [001] ....    10.611179: mm_vmscan_lru_shrink_inactive: nid=0 nr_scanned=7 nr_reclaimed=7 nr_dirty=0 nr_writeback=0 nr_congested=0 nr_immediate=0 nr_activate=0 nr_ref_keep=0 nr_unmap_fail=0 priority=12 flags=RECLAIM_WB_FILE|RECLAIM_WB_ASYNC
         kswapd0-32    [001] ....    10.611196: mm_vmscan_inactive_list_is_low: nid=0 reclaim_idx=1 total_inactive=614 inactive=614 total_active=399 active=399 ratio=1 flags=RECLAIM_WB_ANON
         kswapd0-32    [001] ....    10.611222: mm_shrink_slab_start: super_cache_scan+0x0/0x2f8 (____ptrval____): nid: 0 objects to shrink 0 gfp_flags GFP_KERNEL cache items 1 delta 0 total_scan 0 priority 12
         kswapd0-32    [001] ....    10.611227: mm_shrink_slab_end: super_cache_scan+0x0/0x2f8 (____ptrval____): nid: 0 unused scan count 0 new scan count 0 total_scan 0 last shrinker return val 0
         kswapd0-32    [001] ....    10.611241: mm_vmscan_inactive_list_is_low: nid=0 reclaim_idx=1 total_inactive=614 inactive=614 total_active=399 active=399 ratio=1 flags=RECLAIM_WB_ANON
         kswapd0-32    [001] d...    10.611273: mm_vmscan_lru_isolate: isolate_mode=0 classzone=1 order=0 nr_requested=14 nr_scanned=14 nr_skipped=0 nr_taken=14 lru=inactive_file
         kswapd0-32    [001] ....    10.611570: mm_vmscan_lru_shrink_inactive: nid=0 nr_scanned=14 nr_reclaimed=14 nr_dirty=0 nr_writeback=0 nr_congested=0 nr_immediate=0 nr_activate=0 nr_ref_keep=0 nr_unmap_fail=0 priority=11 flags=RECLAIM_WB_FILE|RECLAIM_WB_ASYNC
         kswapd0-32    [001] ....    10.611588: mm_vmscan_inactive_list_is_low: nid=0 reclaim_idx=1 total_inactive=614 inactive=614 total_active=399 active=399 ratio=1 flags=RECLAIM_WB_ANON
         kswapd0-32    [001] ....    10.611610: mm_shrink_slab_start: super_cache_scan+0x0/0x2f8 (____ptrval____): nid: 0 objects to shrink 0 gfp_flags GFP_KERNEL cache items 1 delta 0 total_scan 0 priority 11
         kswapd0-32    [001] ....    10.611614: mm_shrink_slab_end: super_cache_scan+0x0/0x2f8 (____ptrval____): nid: 0 unused scan count 0 new scan count 0 total_scan 0 last shrinker return val 0
         kswapd0-32    [001] ....    10.611625: mm_vmscan_inactive_list_is_low: nid=0 reclaim_idx=1 total_inactive=614 inactive=614 total_active=399 active=399 ratio=1 flags=RECLAIM_WB_ANON
         kswapd0-32    [001] d...    10.611665: mm_vmscan_lru_isolate: isolate_mode=0 classzone=1 order=0 nr_requested=28 nr_scanned=28 nr_skipped=0 nr_taken=28 lru=inactive_file
         kswapd0-32    [001] .N..    10.612357: mm_vmscan_lru_shrink_inactive: nid=0 nr_scanned=28 nr_reclaimed=28 nr_dirty=0 nr_writeback=0 nr_congested=0 nr_immediate=0 nr_activate=0 nr_ref_keep=0 nr_unmap_fail=0 priority=10 flags=RECLAIM_WB_FILE|RECLAIM_WB_ASYNC
         kswapd0-32    [001] ....    10.612533: mm_vmscan_inactive_list_is_low: nid=0 reclaim_idx=1 total_inactive=614 inactive=614 total_active=399 active=399 ratio=1 flags=RECLAIM_WB_ANON
         kswapd0-32    [001] ....    10.612558: mm_shrink_slab_start: super_cache_scan+0x0/0x2f8 (____ptrval____): nid: 0 objects to shrink 0 gfp_flags GFP_KERNEL cache items 1 delta 0 total_scan 0 priority 10
         kswapd0-32    [001] ....    10.612562: mm_shrink_slab_end: super_cache_scan+0x0/0x2f8 (____ptrval____): nid: 0 unused scan count 0 new scan count 0 total_scan 0 last shrinker return val 0
         kswapd0-32    [001] ....    10.612608: mm_vmscan_inactive_list_is_low: nid=0 reclaim_idx=1 total_inactive=614 inactive=614 total_active=399 active=399 ratio=1 flags=RECLAIM_WB_ANON
         kswapd0-32    [001] d...    10.612671: mm_vmscan_lru_isolate: isolate_mode=0 classzone=1 order=0 nr_requested=32 nr_scanned=32 nr_skipped=0 nr_taken=32 lru=inactive_file
         kswapd0-32    [001] ....    10.613103: mm_vmscan_lru_shrink_inactive: nid=0 nr_scanned=32 nr_reclaimed=32 nr_dirty=0 nr_writeback=0 nr_congested=0 nr_immediate=0 nr_activate=0 nr_ref_keep=0 nr_unmap_fail=0 priority=9 flags=RECLAIM_WB_FILE|RECLAIM_WB_ASYNC
         kswapd0-32    [001] d...    10.613131: mm_vmscan_lru_isolate: isolate_mode=0 classzone=1 order=0 nr_requested=24 nr_scanned=24 nr_skipped=0 nr_taken=24 lru=inactive_file
         kswapd0-32    [001] ....    10.613434: mm_vmscan_lru_shrink_inactive: nid=0 nr_scanned=24 nr_reclaimed=24 nr_dirty=0 nr_writeback=0 nr_congested=0 nr_immediate=0 nr_activate=0 nr_ref_keep=0 nr_unmap_fail=0 priority=9 flags=RECLAIM_WB_FILE|RECLAIM_WB_ASYNC
         kswapd0-32    [001] ....    10.613441: mm_vmscan_inactive_list_is_low: nid=0 reclaim_idx=1 total_inactive=614 inactive=614 total_active=399 active=399 ratio=1 flags=RECLAIM_WB_ANON
         kswapd0-32    [001] ....    10.613463: mm_shrink_slab_start: super_cache_scan+0x0/0x2f8 (____ptrval____): nid: 0 objects to shrink 0 gfp_flags GFP_KERNEL cache items 1 delta 0 total_scan 0 priority 9
         kswapd0-32    [001] ....    10.613468: mm_shrink_slab_end: super_cache_scan+0x0/0x2f8 (____ptrval____): nid: 0 unused scan count 0 new scan count 0 total_scan 0 last shrinker return val 0
         kswapd0-32    [001] ....    10.613480: mm_vmscan_inactive_list_is_low: nid=0 reclaim_idx=1 total_inactive=614 inactive=614 total_active=399 active=399 ratio=1 flags=RECLAIM_WB_ANON
         kswapd0-32    [001] d...    10.613579: mm_vmscan_lru_isolate: isolate_mode=0 classzone=1 order=0 nr_requested=32 nr_scanned=32 nr_skipped=0 nr_taken=32 lru=inactive_file
         kswapd0-32    [001] ....    10.613995: mm_vmscan_lru_shrink_inactive: nid=0 nr_scanned=32 nr_reclaimed=32 nr_dirty=0 nr_writeback=0 nr_congested=0 nr_immediate=0 nr_activate=0 nr_ref_keep=0 nr_unmap_fail=0 priority=8 flags=RECLAIM_WB_FILE|RECLAIM_WB_ASYNC
         kswapd0-32    [001] d...    10.614034: mm_vmscan_lru_isolate: isolate_mode=0 classzone=1 order=0 nr_requested=32 nr_scanned=32 nr_skipped=0 nr_taken=32 lru=inactive_file
         kswapd0-32    [001] ....    10.614459: mm_vmscan_lru_shrink_inactive: nid=0 nr_scanned=32 nr_reclaimed=32 nr_dirty=0 nr_writeback=0 nr_congested=0 nr_immediate=0 nr_activate=0 nr_ref_keep=0 nr_unmap_fail=0 priority=8 flags=RECLAIM_WB_FILE|RECLAIM_WB_ASYNC
         kswapd0-32    [001] d...    10.614499: mm_vmscan_lru_isolate: isolate_mode=0 classzone=1 order=0 nr_requested=32 nr_scanned=32 nr_skipped=0 nr_taken=32 lru=inactive_file
         kswapd0-32    [001] ....    10.614892: mm_vmscan_lru_shrink_inactive: nid=0 nr_scanned=32 nr_reclaimed=32 nr_dirty=0 nr_writeback=0 nr_congested=0 nr_immediate=0 nr_activate=0 nr_ref_keep=0 nr_unmap_fail=0 priority=8 flags=RECLAIM_WB_FILE|RECLAIM_WB_ASYNC
         kswapd0-32    [001] d...    10.614913: mm_vmscan_lru_isolate: isolate_mode=0 classzone=1 order=0 nr_requested=17 nr_scanned=17 nr_skipped=0 nr_taken=17 lru=inactive_file
         kswapd0-32    [001] ....    10.615132: mm_vmscan_lru_shrink_inactive: nid=0 nr_scanned=17 nr_reclaimed=17 nr_dirty=0 nr_writeback=0 nr_congested=0 nr_immediate=0 nr_activate=0 nr_ref_keep=0 nr_unmap_fail=0 priority=8 flags=RECLAIM_WB_FILE|RECLAIM_WB_ASYNC
         kswapd0-32    [001] ....    10.615138: mm_vmscan_inactive_list_is_low: nid=0 reclaim_idx=1 total_inactive=614 inactive=614 total_active=399 active=399 ratio=1 flags=RECLAIM_WB_ANON
         kswapd0-32    [001] ....    10.615160: mm_shrink_slab_start: super_cache_scan+0x0/0x2f8 (____ptrval____): nid: 0 objects to shrink 0 gfp_flags GFP_KERNEL cache items 1 delta 0 total_scan 0 priority 8
         kswapd0-32    [001] ....    10.615164: mm_shrink_slab_end: super_cache_scan+0x0/0x2f8 (____ptrval____): nid: 0 unused scan count 0 new scan count 0 total_scan 0 last shrinker return val 0
         kswapd0-32    [001] ....    10.615174: mm_vmscan_inactive_list_is_low: nid=0 reclaim_idx=1 total_inactive=614 inactive=614 total_active=399 active=399 ratio=1 flags=RECLAIM_WB_ANON
         kswapd0-32    [001] d...    10.615215: mm_vmscan_lru_isolate: isolate_mode=0 classzone=1 order=0 nr_requested=32 nr_scanned=32 nr_skipped=0 nr_taken=32 lru=inactive_file
         kswapd0-32    [001] ....    10.615612: mm_vmscan_lru_shrink_inactive: nid=0 nr_scanned=32 nr_reclaimed=32 nr_dirty=0 nr_writeback=0 nr_congested=0 nr_immediate=0 nr_activate=0 nr_ref_keep=0 nr_unmap_fail=0 priority=7 flags=RECLAIM_WB_FILE|RECLAIM_WB_ASYNC
         kswapd0-32    [001] d...    10.615648: mm_vmscan_lru_isolate: isolate_mode=0 classzone=1 order=0 nr_requested=32 nr_scanned=32 nr_skipped=0 nr_taken=32 lru=inactive_file
         kswapd0-32    [001] ....    10.616217: mm_vmscan_lru_shrink_inactive: nid=0 nr_scanned=32 nr_reclaimed=32 nr_dirty=0 nr_writeback=0 nr_congested=0 nr_immediate=0 nr_activate=0 nr_ref_keep=0 nr_unmap_fail=0 priority=7 flags=RECLAIM_WB_FILE|RECLAIM_WB_ASYNC
         kswapd0-32    [001] d...    10.616259: mm_vmscan_lru_isolate: isolate_mode=0 classzone=1 order=0 nr_requested=32 nr_scanned=32 nr_skipped=0 nr_taken=32 lru=inactive_file
         kswapd0-32    [001] ....    10.616675: mm_vmscan_lru_shrink_inactive: nid=0 nr_scanned=32 nr_reclaimed=32 nr_dirty=0 nr_writeback=0 nr_congested=0 nr_immediate=0 nr_activate=0 nr_ref_keep=0 nr_unmap_fail=0 priority=7 flags=RECLAIM_WB_FILE|RECLAIM_WB_ASYNC
         kswapd0-32    [001] d...    10.616709: mm_vmscan_lru_isolate: isolate_mode=0 classzone=1 order=0 nr_requested=32 nr_scanned=32 nr_skipped=0 nr_taken=32 lru=inactive_file
         kswapd0-32    [001] ....    10.617091: mm_vmscan_lru_shrink_inactive: nid=0 nr_scanned=32 nr_reclaimed=32 nr_dirty=0 nr_writeback=0 nr_congested=0 nr_immediate=0 nr_activate=0 nr_ref_keep=0 nr_unmap_fail=0 priority=7 flags=RECLAIM_WB_FILE|RECLAIM_WB_ASYNC
         kswapd0-32    [001] d...    10.617157: mm_vmscan_lru_isolate: isolate_mode=0 classzone=1 order=0 nr_requested=32 nr_scanned=32 nr_skipped=0 nr_taken=32 lru=inactive_file
         kswapd0-32    [001] ....    10.617588: mm_vmscan_lru_shrink_inactive: nid=0 nr_scanned=32 nr_reclaimed=32 nr_dirty=0 nr_writeback=0 nr_congested=0 nr_immediate=0 nr_activate=0 nr_ref_keep=0 nr_unmap_fail=0 priority=7 flags=RECLAIM_WB_FILE|RECLAIM_WB_ASYNC
         kswapd0-32    [001] d...    10.617624: mm_vmscan_lru_isolate: isolate_mode=0 classzone=1 order=0 nr_requested=32 nr_scanned=32 nr_skipped=0 nr_taken=32 lru=inactive_file
         kswapd0-32    [001] ....    10.618015: mm_vmscan_lru_shrink_inactive: nid=0 nr_scanned=32 nr_reclaimed=32 nr_dirty=0 nr_writeback=0 nr_congested=0 nr_immediate=0 nr_activate=0 nr_ref_keep=0 nr_unmap_fail=0 priority=7 flags=RECLAIM_WB_FILE|RECLAIM_WB_ASYNC
         kswapd0-32    [001] d...    10.618049: mm_vmscan_lru_isolate: isolate_mode=0 classzone=1 order=0 nr_requested=32 nr_scanned=32 nr_skipped=0 nr_taken=32 lru=inactive_file
         kswapd0-32    [001] ....    10.618443: mm_vmscan_lru_shrink_inactive: nid=0 nr_scanned=32 nr_reclaimed=32 nr_dirty=0 nr_writeback=0 nr_congested=0 nr_immediate=0 nr_activate=0 nr_ref_keep=0 nr_unmap_fail=0 priority=7 flags=RECLAIM_WB_FILE|RECLAIM_WB_ASYNC
         kswapd0-32    [001] d...    10.618450: mm_vmscan_lru_isolate: isolate_mode=0 classzone=1 order=0 nr_requested=1 nr_scanned=1 nr_skipped=0 nr_taken=1 lru=inactive_file
         kswapd0-32    [001] ....    10.618478: mm_vmscan_lru_shrink_inactive: nid=0 nr_scanned=1 nr_reclaimed=1 nr_dirty=0 nr_writeback=0 nr_congested=0 nr_immediate=0 nr_activate=0 nr_ref_keep=0 nr_unmap_fail=0 priority=7 flags=RECLAIM_WB_FILE|RECLAIM_WB_ASYNC
         kswapd0-32    [001] ....    10.618485: mm_vmscan_inactive_list_is_low: nid=0 reclaim_idx=1 total_inactive=614 inactive=614 total_active=399 active=399 ratio=1 flags=RECLAIM_WB_ANON
         kswapd0-32    [001] ....    10.618504: mm_shrink_slab_start: super_cache_scan+0x0/0x2f8 (____ptrval____): nid: 0 objects to shrink 0 gfp_flags GFP_KERNEL cache items 1 delta 0 total_scan 0 priority 7
         kswapd0-32    [001] ....    10.618508: mm_shrink_slab_end: super_cache_scan+0x0/0x2f8 (____ptrval____): nid: 0 unused scan count 0 new scan count 0 total_scan 0 last shrinker return val 0
         kswapd0-32    [001] ....    10.720552: mm_vmscan_kswapd_wake: nid=0 zid=1 order=0
         kswapd0-32    [001] ....    10.720582: mm_vmscan_inactive_list_is_low: nid=0 reclaim_idx=1 total_inactive=614 inactive=614 total_active=399 active=399 ratio=1 flags=RECLAIM_WB_ANON
         kswapd0-32    [001] d...    10.720620: mm_vmscan_lru_isolate: isolate_mode=0 classzone=1 order=0 nr_requested=7 nr_scanned=7 nr_skipped=0 nr_taken=7 lru=inactive_file
         kswapd0-32    [001] ....    10.720777: mm_vmscan_lru_shrink_inactive: nid=0 nr_scanned=7 nr_reclaimed=7 nr_dirty=0 nr_writeback=0 nr_congested=0 nr_immediate=0 nr_activate=0 nr_ref_keep=0 nr_unmap_fail=0 priority=12 flags=RECLAIM_WB_FILE|RECLAIM_WB_ASYNC
         kswapd0-32    [001] ....    10.720786: mm_vmscan_inactive_list_is_low: nid=0 reclaim_idx=1 total_inactive=614 inactive=614 total_active=399 active=399 ratio=1 flags=RECLAIM_WB_ANON
         kswapd0-32    [001] ....    10.720819: mm_shrink_slab_start: super_cache_scan+0x0/0x2f8 (____ptrval____): nid: 0 objects to shrink 0 gfp_flags GFP_KERNEL cache items 1 delta 0 total_scan 0 priority 12
         kswapd0-32    [001] ....    10.720825: mm_shrink_slab_end: super_cache_scan+0x0/0x2f8 (____ptrval____): nid: 0 unused scan count 0 new scan count 0 total_scan 0 last shrinker return val 0
         kswapd0-32    [001] ....    10.720838: mm_vmscan_inactive_list_is_low: nid=0 reclaim_idx=1 total_inactive=614 inactive=614 total_active=399 active=399 ratio=1 flags=RECLAIM_WB_ANON
         kswapd0-32    [001] d...    10.720863: mm_vmscan_lru_isolate: isolate_mode=0 classzone=1 order=0 nr_requested=15 nr_scanned=15 nr_skipped=0 nr_taken=15 lru=inactive_file
         kswapd0-32    [001] ....    10.721077: mm_vmscan_lru_shrink_inactive: nid=0 nr_scanned=15 nr_reclaimed=15 nr_dirty=0 nr_writeback=0 nr_congested=0 nr_immediate=0 nr_activate=0 nr_ref_keep=0 nr_unmap_fail=0 priority=11 flags=RECLAIM_WB_FILE|RECLAIM_WB_ASYNC
         kswapd0-32    [001] ....    10.721084: mm_vmscan_inactive_list_is_low: nid=0 reclaim_idx=1 total_inactive=614 inactive=614 total_active=399 active=399 ratio=1 flags=RECLAIM_WB_ANON
         kswapd0-32    [001] ....    10.721099: mm_shrink_slab_start: super_cache_scan+0x0/0x2f8 (____ptrval____): nid: 0 objects to shrink 0 gfp_flags GFP_KERNEL cache items 1 delta 0 total_scan 0 priority 11
         kswapd0-32    [001] ....    10.721103: mm_shrink_slab_end: super_cache_scan+0x0/0x2f8 (____ptrval____): nid: 0 unused scan count 0 new scan count 0 total_scan 0 last shrinker return val 0
         kswapd0-32    [001] ....    10.721110: mm_vmscan_inactive_list_is_low: nid=0 reclaim_idx=1 total_inactive=614 inactive=614 total_active=399 active=399 ratio=1 flags=RECLAIM_WB_ANON
         kswapd0-32    [001] d...    10.721148: mm_vmscan_lru_isolate: isolate_mode=0 classzone=1 order=0 nr_requested=31 nr_scanned=31 nr_skipped=0 nr_taken=31 lru=inactive_file
         kswapd0-32    [001] ....    10.721663: mm_vmscan_lru_shrink_inactive: nid=0 nr_scanned=31 nr_reclaimed=31 nr_dirty=0 nr_writeback=0 nr_congested=0 nr_immediate=0 nr_activate=0 nr_ref_keep=0 nr_unmap_fail=0 priority=10 flags=RECLAIM_WB_FILE|RECLAIM_WB_ASYNC
         kswapd0-32    [001] ....    10.721675: mm_vmscan_inactive_list_is_low: nid=0 reclaim_idx=1 total_inactive=614 inactive=614 total_active=399 active=399 ratio=1 flags=RECLAIM_WB_ANON
         kswapd0-32    [001] ....    10.721694: mm_shrink_slab_start: super_cache_scan+0x0/0x2f8 (____ptrval____): nid: 0 objects to shrink 0 gfp_flags GFP_KERNEL cache items 1 delta 0 total_scan 0 priority 10
         kswapd0-32    [001] ....    10.721698: mm_shrink_slab_end: super_cache_scan+0x0/0x2f8 (____ptrval____): nid: 0 unused scan count 0 new scan count 0 total_scan 0 last shrinker return val 0
         kswapd0-32    [001] ....    10.721707: mm_vmscan_inactive_list_is_low: nid=0 reclaim_idx=1 total_inactive=614 inactive=614 total_active=399 active=399 ratio=1 flags=RECLAIM_WB_ANON
         kswapd0-32    [001] d...    10.721749: mm_vmscan_lru_isolate: isolate_mode=0 classzone=1 order=0 nr_requested=32 nr_scanned=32 nr_skipped=0 nr_taken=32 lru=inactive_file
         kswapd0-32    [001] ....    10.722173: mm_vmscan_lru_shrink_inactive: nid=0 nr_scanned=32 nr_reclaimed=32 nr_dirty=0 nr_writeback=0 nr_congested=0 nr_immediate=0 nr_activate=0 nr_ref_keep=0 nr_unmap_fail=0 priority=9 flags=RECLAIM_WB_FILE|RECLAIM_WB_ASYNC
         kswapd0-32    [001] d...    10.722337: mm_vmscan_lru_isolate: isolate_mode=0 classzone=1 order=0 nr_requested=30 nr_scanned=30 nr_skipped=0 nr_taken=30 lru=inactive_file
         kswapd0-32    [001] ....    10.722718: mm_vmscan_lru_shrink_inactive: nid=0 nr_scanned=30 nr_reclaimed=30 nr_dirty=0 nr_writeback=0 nr_congested=0 nr_immediate=0 nr_activate=0 nr_ref_keep=0 nr_unmap_fail=0 priority=9 flags=RECLAIM_WB_FILE|RECLAIM_WB_ASYNC
         kswapd0-32    [001] ....    10.722726: mm_vmscan_inactive_list_is_low: nid=0 reclaim_idx=1 total_inactive=614 inactive=614 total_active=399 active=399 ratio=1 flags=RECLAIM_WB_ANON
         kswapd0-32    [001] ....    10.722744: mm_shrink_slab_start: super_cache_scan+0x0/0x2f8 (____ptrval____): nid: 0 objects to shrink 0 gfp_flags GFP_KERNEL cache items 1 delta 0 total_scan 0 priority 9
         kswapd0-32    [001] ....    10.722748: mm_shrink_slab_end: super_cache_scan+0x0/0x2f8 (____ptrval____): nid: 0 unused scan count 0 new scan count 0 total_scan 0 last shrinker return val 0
         kswapd0-32    [001] ....    10.722758: mm_vmscan_inactive_list_is_low: nid=0 reclaim_idx=1 total_inactive=614 inactive=614 total_active=399 active=399 ratio=1 flags=RECLAIM_WB_ANON
         kswapd0-32    [001] d...    10.722798: mm_vmscan_lru_isolate: isolate_mode=0 classzone=1 order=0 nr_requested=32 nr_scanned=32 nr_skipped=0 nr_taken=32 lru=inactive_file
         kswapd0-32    [001] ....    10.723251: mm_vmscan_lru_shrink_inactive: nid=0 nr_scanned=32 nr_reclaimed=32 nr_dirty=0 nr_writeback=0 nr_congested=0 nr_immediate=0 nr_activate=0 nr_ref_keep=0 nr_unmap_fail=0 priority=8 flags=RECLAIM_WB_FILE|RECLAIM_WB_ASYNC
         kswapd0-32    [001] d...    10.723300: mm_vmscan_lru_isolate: isolate_mode=0 classzone=1 order=0 nr_requested=32 nr_scanned=32 nr_skipped=0 nr_taken=32 lru=inactive_file
         kswapd0-32    [001] ....    10.723758: mm_vmscan_lru_shrink_inactive: nid=0 nr_scanned=32 nr_reclaimed=32 nr_dirty=0 nr_writeback=0 nr_congested=0 nr_immediate=0 nr_activate=0 nr_ref_keep=0 nr_unmap_fail=0 priority=8 flags=RECLAIM_WB_FILE|RECLAIM_WB_ASYNC
         kswapd0-32    [001] d...    10.723797: mm_vmscan_lru_isolate: isolate_mode=0 classzone=1 order=0 nr_requested=32 nr_scanned=32 nr_skipped=0 nr_taken=32 lru=inactive_file
         kswapd0-32    [001] ....    10.724487: mm_vmscan_lru_shrink_inactive: nid=0 nr_scanned=32 nr_reclaimed=32 nr_dirty=0 nr_writeback=0 nr_congested=0 nr_immediate=0 nr_activate=0 nr_ref_keep=0 nr_unmap_fail=0 priority=8 flags=RECLAIM_WB_FILE|RECLAIM_WB_ASYNC
         kswapd0-32    [001] d...    10.724533: mm_vmscan_lru_isolate: isolate_mode=0 classzone=1 order=0 nr_requested=29 nr_scanned=29 nr_skipped=0 nr_taken=29 lru=inactive_file
         kswapd0-32    [001] ....    10.724911: mm_vmscan_lru_shrink_inactive: nid=0 nr_scanned=29 nr_reclaimed=29 nr_dirty=0 nr_writeback=0 nr_congested=0 nr_immediate=0 nr_activate=0 nr_ref_keep=0 nr_unmap_fail=0 priority=8 flags=RECLAIM_WB_FILE|RECLAIM_WB_ASYNC
         kswapd0-32    [001] ....    10.724921: mm_vmscan_inactive_list_is_low: nid=0 reclaim_idx=1 total_inactive=614 inactive=614 total_active=399 active=399 ratio=1 flags=RECLAIM_WB_ANON
         kswapd0-32    [001] ....    10.724949: mm_shrink_slab_start: super_cache_scan+0x0/0x2f8 (____ptrval____): nid: 0 objects to shrink 0 gfp_flags GFP_KERNEL cache items 1 delta 0 total_scan 0 priority 8
         kswapd0-32    [001] ....    10.724954: mm_shrink_slab_end: super_cache_scan+0x0/0x2f8 (____ptrval____): nid: 0 unused scan count 0 new scan count 0 total_scan 0 last shrinker return val 0
         kswapd0-32    [001] ....    10.828438: mm_vmscan_kswapd_wake: nid=0 zid=0 order=0
         kswapd0-32    [001] ....    10.828472: mm_vmscan_inactive_list_is_low: nid=0 reclaim_idx=0 total_inactive=614 inactive=614 total_active=399 active=399 ratio=1 flags=RECLAIM_WB_ANON
         kswapd0-32    [001] d...    10.828516: mm_vmscan_lru_isolate: isolate_mode=0 classzone=0 order=0 nr_requested=8 nr_scanned=8 nr_skipped=0 nr_taken=8 lru=inactive_file
         kswapd0-32    [001] ....    10.828696: mm_vmscan_lru_shrink_inactive: nid=0 nr_scanned=8 nr_reclaimed=8 nr_dirty=0 nr_writeback=0 nr_congested=0 nr_immediate=0 nr_activate=0 nr_ref_keep=0 nr_unmap_fail=0 priority=12 flags=RECLAIM_WB_FILE|RECLAIM_WB_ASYNC
         kswapd0-32    [001] ....    10.828706: mm_vmscan_inactive_list_is_low: nid=0 reclaim_idx=0 total_inactive=614 inactive=614 total_active=399 active=399 ratio=1 flags=RECLAIM_WB_ANON
         kswapd0-32    [001] ....    10.828744: mm_shrink_slab_start: super_cache_scan+0x0/0x2f8 (____ptrval____): nid: 0 objects to shrink 0 gfp_flags GFP_KERNEL cache items 1 delta 0 total_scan 0 priority 12
         kswapd0-32    [001] ....    10.828750: mm_shrink_slab_end: super_cache_scan+0x0/0x2f8 (____ptrval____): nid: 0 unused scan count 0 new scan count 0 total_scan 0 last shrinker return val 0
         kswapd0-32    [001] ....    10.828764: mm_vmscan_inactive_list_is_low: nid=0 reclaim_idx=0 total_inactive=614 inactive=614 total_active=399 active=399 ratio=1 flags=RECLAIM_WB_ANON
         kswapd0-32    [001] d...    10.828794: mm_vmscan_lru_isolate: isolate_mode=0 classzone=0 order=0 nr_requested=17 nr_scanned=17 nr_skipped=0 nr_taken=17 lru=inactive_file
         kswapd0-32    [001] ....    10.829024: mm_vmscan_lru_shrink_inactive: nid=0 nr_scanned=17 nr_reclaimed=17 nr_dirty=0 nr_writeback=0 nr_congested=0 nr_immediate=0 nr_activate=0 nr_ref_keep=0 nr_unmap_fail=0 priority=11 flags=RECLAIM_WB_FILE|RECLAIM_WB_ASYNC
         kswapd0-32    [001] ....    10.829030: mm_vmscan_inactive_list_is_low: nid=0 reclaim_idx=0 total_inactive=614 inactive=614 total_active=399 active=399 ratio=1 flags=RECLAIM_WB_ANON
         kswapd0-32    [001] ....    10.829048: mm_shrink_slab_start: super_cache_scan+0x0/0x2f8 (____ptrval____): nid: 0 objects to shrink 0 gfp_flags GFP_KERNEL cache items 1 delta 0 total_scan 0 priority 11
         kswapd0-32    [001] ....    10.829053: mm_shrink_slab_end: super_cache_scan+0x0/0x2f8 (____ptrval____): nid: 0 unused scan count 0 new scan count 0 total_scan 0 last shrinker return val 0
         kswapd0-32    [001] ....    10.829062: mm_vmscan_inactive_list_is_low: nid=0 reclaim_idx=0 total_inactive=614 inactive=614 total_active=399 active=399 ratio=1 flags=RECLAIM_WB_ANON
         kswapd0-32    [001] d...    10.829102: mm_vmscan_lru_isolate: isolate_mode=0 classzone=0 order=0 nr_requested=32 nr_scanned=32 nr_skipped=0 nr_taken=32 lru=inactive_file
         kswapd0-32    [001] ....    10.829490: mm_vmscan_lru_shrink_inactive: nid=0 nr_scanned=32 nr_reclaimed=32 nr_dirty=0 nr_writeback=0 nr_congested=0 nr_immediate=0 nr_activate=0 nr_ref_keep=0 nr_unmap_fail=0 priority=10 flags=RECLAIM_WB_FILE|RECLAIM_WB_ASYNC
         kswapd0-32    [001] d...    10.829501: mm_vmscan_lru_isolate: isolate_mode=0 classzone=0 order=0 nr_requested=2 nr_scanned=2 nr_skipped=0 nr_taken=2 lru=inactive_file
         kswapd0-32    [001] ....    10.829550: mm_vmscan_lru_shrink_inactive: nid=0 nr_scanned=2 nr_reclaimed=2 nr_dirty=0 nr_writeback=0 nr_congested=0 nr_immediate=0 nr_activate=0 nr_ref_keep=0 nr_unmap_fail=0 priority=10 flags=RECLAIM_WB_FILE|RECLAIM_WB_ASYNC
         kswapd0-32    [001] ....    10.829555: mm_vmscan_inactive_list_is_low: nid=0 reclaim_idx=0 total_inactive=614 inactive=614 total_active=399 active=399 ratio=1 flags=RECLAIM_WB_ANON
         kswapd0-32    [001] ....    10.829570: mm_shrink_slab_start: super_cache_scan+0x0/0x2f8 (____ptrval____): nid: 0 objects to shrink 0 gfp_flags GFP_KERNEL cache items 1 delta 0 total_scan 0 priority 10
         kswapd0-32    [001] ....    10.829573: mm_shrink_slab_end: super_cache_scan+0x0/0x2f8 (____ptrval____): nid: 0 unused scan count 0 new scan count 0 total_scan 0 last shrinker return val 0
         kswapd0-32    [001] ....    10.829581: mm_vmscan_inactive_list_is_low: nid=0 reclaim_idx=0 total_inactive=614 inactive=614 total_active=399 active=399 ratio=1 flags=RECLAIM_WB_ANON
         kswapd0-32    [001] d...    10.829620: mm_vmscan_lru_isolate: isolate_mode=0 classzone=0 order=0 nr_requested=32 nr_scanned=32 nr_skipped=0 nr_taken=32 lru=inactive_file
         kswapd0-32    [001] ....    10.830113: mm_vmscan_lru_shrink_inactive: nid=0 nr_scanned=32 nr_reclaimed=32 nr_dirty=0 nr_writeback=0 nr_congested=0 nr_immediate=0 nr_activate=0 nr_ref_keep=0 nr_unmap_fail=0 priority=9 flags=RECLAIM_WB_FILE|RECLAIM_WB_ASYNC
         kswapd0-32    [001] d...    10.830161: mm_vmscan_lru_isolate: isolate_mode=0 classzone=0 order=0 nr_requested=32 nr_scanned=32 nr_skipped=0 nr_taken=32 lru=inactive_file
         kswapd0-32    [001] ....    10.830595: mm_vmscan_lru_shrink_inactive: nid=0 nr_scanned=32 nr_reclaimed=32 nr_dirty=0 nr_writeback=0 nr_congested=0 nr_immediate=0 nr_activate=0 nr_ref_keep=0 nr_unmap_fail=0 priority=9 flags=RECLAIM_WB_FILE|RECLAIM_WB_ASYNC
         kswapd0-32    [001] d...    10.830609: mm_vmscan_lru_isolate: isolate_mode=0 classzone=0 order=0 nr_requested=5 nr_scanned=5 nr_skipped=0 nr_taken=5 lru=inactive_file
         kswapd0-32    [001] ....    10.830714: mm_vmscan_lru_shrink_inactive: nid=0 nr_scanned=5 nr_reclaimed=5 nr_dirty=0 nr_writeback=0 nr_congested=0 nr_immediate=0 nr_activate=0 nr_ref_keep=0 nr_unmap_fail=0 priority=9 flags=RECLAIM_WB_FILE|RECLAIM_WB_ASYNC
         kswapd0-32    [001] ....    10.830723: mm_vmscan_inactive_list_is_low: nid=0 reclaim_idx=0 total_inactive=614 inactive=614 total_active=399 active=399 ratio=1 flags=RECLAIM_WB_ANON
         kswapd0-32    [001] ....    10.830748: mm_shrink_slab_start: super_cache_scan+0x0/0x2f8 (____ptrval____): nid: 0 objects to shrink 0 gfp_flags GFP_KERNEL cache items 1 delta 0 total_scan 0 priority 9
         kswapd0-32    [001] ....    10.830753: mm_shrink_slab_end: super_cache_scan+0x0/0x2f8 (____ptrval____): nid: 0 unused scan count 0 new scan count 0 total_scan 0 last shrinker return val 0
         kswapd0-32    [001] ....    10.830767: mm_vmscan_inactive_list_is_low: nid=0 reclaim_idx=0 total_inactive=614 inactive=614 total_active=399 active=399 ratio=1 flags=RECLAIM_WB_ANON
         kswapd0-32    [001] d...    10.830812: mm_vmscan_lru_isolate: isolate_mode=0 classzone=0 order=0 nr_requested=32 nr_scanned=32 nr_skipped=0 nr_taken=32 lru=inactive_file
         kswapd0-32    [001] ....    10.831203: mm_vmscan_lru_shrink_inactive: nid=0 nr_scanned=32 nr_reclaimed=32 nr_dirty=0 nr_writeback=0 nr_congested=0 nr_immediate=0 nr_activate=0 nr_ref_keep=0 nr_unmap_fail=0 priority=8 flags=RECLAIM_WB_FILE|RECLAIM_WB_ASYNC
         kswapd0-32    [001] d...    10.831236: mm_vmscan_lru_isolate: isolate_mode=0 classzone=0 order=0 nr_requested=32 nr_scanned=32 nr_skipped=0 nr_taken=32 lru=inactive_file
         kswapd0-32    [001] ....    10.831661: mm_vmscan_lru_shrink_inactive: nid=0 nr_scanned=32 nr_reclaimed=32 nr_dirty=0 nr_writeback=0 nr_congested=0 nr_immediate=0 nr_activate=0 nr_ref_keep=0 nr_unmap_fail=0 priority=8 flags=RECLAIM_WB_FILE|RECLAIM_WB_ASYNC
         kswapd0-32    [001] d...    10.831750: mm_vmscan_lru_isolate: isolate_mode=0 classzone=0 order=0 nr_requested=32 nr_scanned=32 nr_skipped=0 nr_taken=32 lru=inactive_file
         kswapd0-32    [001] ....    10.832302: mm_vmscan_lru_shrink_inactive: nid=0 nr_scanned=32 nr_reclaimed=32 nr_dirty=0 nr_writeback=0 nr_congested=0 nr_immediate=0 nr_activate=0 nr_ref_keep=0 nr_unmap_fail=0 priority=8 flags=RECLAIM_WB_FILE|RECLAIM_WB_ASYNC
         kswapd0-32    [001] d...    10.832342: mm_vmscan_lru_isolate: isolate_mode=0 classzone=0 order=0 nr_requested=32 nr_scanned=32 nr_skipped=0 nr_taken=32 lru=inactive_file
         kswapd0-32    [001] ....    10.832759: mm_vmscan_lru_shrink_inactive: nid=0 nr_scanned=32 nr_reclaimed=32 nr_dirty=0 nr_writeback=0 nr_congested=0 nr_immediate=0 nr_activate=0 nr_ref_keep=0 nr_unmap_fail=0 priority=8 flags=RECLAIM_WB_FILE|RECLAIM_WB_ASYNC
         kswapd0-32    [001] d...    10.832776: mm_vmscan_lru_isolate: isolate_mode=0 classzone=0 order=0 nr_requested=11 nr_scanned=11 nr_skipped=0 nr_taken=11 lru=inactive_file
         kswapd0-32    [001] ....    10.832917: mm_vmscan_lru_shrink_inactive: nid=0 nr_scanned=11 nr_reclaimed=11 nr_dirty=0 nr_writeback=0 nr_congested=0 nr_immediate=0 nr_activate=0 nr_ref_keep=0 nr_unmap_fail=0 priority=8 flags=RECLAIM_WB_FILE|RECLAIM_WB_ASYNC
         kswapd0-32    [001] ....    10.832926: mm_vmscan_inactive_list_is_low: nid=0 reclaim_idx=0 total_inactive=614 inactive=614 total_active=399 active=399 ratio=1 flags=RECLAIM_WB_ANON
         kswapd0-32    [001] ....    10.832951: mm_shrink_slab_start: super_cache_scan+0x0/0x2f8 (____ptrval____): nid: 0 objects to shrink 0 gfp_flags GFP_KERNEL cache items 1 delta 0 total_scan 0 priority 8
         kswapd0-32    [001] ....    10.832956: mm_shrink_slab_end: super_cache_scan+0x0/0x2f8 (____ptrval____): nid: 0 unused scan count 0 new scan count 0 total_scan 0 last shrinker return val 0
             cat-189   [000] d...    10.853647: mm_vmscan_wakeup_kswapd: nid=0 zid=1 order=1 gfp_flags=GFP_NOWAIT|__GFP_NOWARN|__GFP_NORETRY|__GFP_COMP|__GFP_RECLAIMABLE
         kswapd0-32    [001] ....    10.853989: mm_vmscan_kswapd_wake: nid=0 zid=1 order=1
         kswapd0-32    [001] ....    10.854022: mm_vmscan_inactive_list_is_low: nid=0 reclaim_idx=1 total_inactive=614 inactive=614 total_active=399 active=399 ratio=1 flags=RECLAIM_WB_ANON
         kswapd0-32    [001] d...    10.854059: mm_vmscan_lru_isolate: isolate_mode=0 classzone=1 order=1 nr_requested=8 nr_scanned=8 nr_skipped=0 nr_taken=8 lru=inactive_file
         kswapd0-32    [001] ....    10.854253: mm_vmscan_lru_shrink_inactive: nid=0 nr_scanned=8 nr_reclaimed=8 nr_dirty=0 nr_writeback=0 nr_congested=0 nr_immediate=0 nr_activate=0 nr_ref_keep=0 nr_unmap_fail=0 priority=12 flags=RECLAIM_WB_FILE|RECLAIM_WB_ASYNC
         kswapd0-32    [001] ....    10.854264: mm_vmscan_inactive_list_is_low: nid=0 reclaim_idx=1 total_inactive=614 inactive=614 total_active=399 active=399 ratio=1 flags=RECLAIM_WB_ANON
         kswapd0-32    [001] ....    10.854307: mm_shrink_slab_start: super_cache_scan+0x0/0x2f8 (____ptrval____): nid: 0 objects to shrink 0 gfp_flags GFP_KERNEL cache items 1 delta 0 total_scan 0 priority 12
         kswapd0-32    [001] ....    10.854315: mm_shrink_slab_end: super_cache_scan+0x0/0x2f8 (____ptrval____): nid: 0 unused scan count 0 new scan count 0 total_scan 0 last shrinker return val 0
         kswapd0-32    [001] ....    10.854328: mm_vmscan_inactive_list_is_low: nid=0 reclaim_idx=1 total_inactive=614 inactive=614 total_active=399 active=399 ratio=1 flags=RECLAIM_WB_ANON
         kswapd0-32    [001] d...    10.854356: mm_vmscan_lru_isolate: isolate_mode=0 classzone=1 order=0 nr_requested=17 nr_scanned=17 nr_skipped=0 nr_taken=17 lru=inactive_file
         kswapd0-32    [001] ....    10.854589: mm_vmscan_lru_shrink_inactive: nid=0 nr_scanned=17 nr_reclaimed=17 nr_dirty=0 nr_writeback=0 nr_congested=0 nr_immediate=0 nr_activate=0 nr_ref_keep=0 nr_unmap_fail=0 priority=11 flags=RECLAIM_WB_FILE|RECLAIM_WB_ASYNC
         kswapd0-32    [001] ....    10.854597: mm_vmscan_inactive_list_is_low: nid=0 reclaim_idx=1 total_inactive=614 inactive=614 total_active=399 active=399 ratio=1 flags=RECLAIM_WB_ANON
         kswapd0-32    [001] ....    10.854613: mm_shrink_slab_start: super_cache_scan+0x0/0x2f8 (____ptrval____): nid: 0 objects to shrink 0 gfp_flags GFP_KERNEL cache items 1 delta 0 total_scan 0 priority 11
         kswapd0-32    [001] ....    10.854617: mm_shrink_slab_end: super_cache_scan+0x0/0x2f8 (____ptrval____): nid: 0 unused scan count 0 new scan count 0 total_scan 0 last shrinker return val 0
         kswapd0-32    [001] ....    10.854626: mm_vmscan_inactive_list_is_low: nid=0 reclaim_idx=1 total_inactive=614 inactive=614 total_active=399 active=399 ratio=1 flags=RECLAIM_WB_ANON
         kswapd0-32    [001] d...    10.854666: mm_vmscan_lru_isolate: isolate_mode=0 classzone=1 order=0 nr_requested=32 nr_scanned=32 nr_skipped=0 nr_taken=32 lru=inactive_file
         kswapd0-32    [001] ....    10.855072: mm_vmscan_lru_shrink_inactive: nid=0 nr_scanned=32 nr_reclaimed=32 nr_dirty=0 nr_writeback=0 nr_congested=0 nr_immediate=0 nr_activate=0 nr_ref_keep=0 nr_unmap_fail=0 priority=10 flags=RECLAIM_WB_FILE|RECLAIM_WB_ASYNC
         kswapd0-32    [001] d...    10.855082: mm_vmscan_lru_isolate: isolate_mode=0 classzone=1 order=0 nr_requested=3 nr_scanned=3 nr_skipped=0 nr_taken=3 lru=inactive_file
         kswapd0-32    [001] ....    10.855258: mm_vmscan_lru_shrink_inactive: nid=0 nr_scanned=3 nr_reclaimed=3 nr_dirty=0 nr_writeback=0 nr_congested=0 nr_immediate=0 nr_activate=0 nr_ref_keep=0 nr_unmap_fail=0 priority=10 flags=RECLAIM_WB_FILE|RECLAIM_WB_ASYNC
         kswapd0-32    [001] ....    10.855271: mm_vmscan_inactive_list_is_low: nid=0 reclaim_idx=1 total_inactive=614 inactive=614 total_active=399 active=399 ratio=1 flags=RECLAIM_WB_ANON
         kswapd0-32    [001] ....    10.855293: mm_shrink_slab_start: super_cache_scan+0x0/0x2f8 (____ptrval____): nid: 0 objects to shrink 0 gfp_flags GFP_KERNEL cache items 1 delta 0 total_scan 0 priority 10
         kswapd0-32    [001] ....    10.855299: mm_shrink_slab_end: super_cache_scan+0x0/0x2f8 (____ptrval____): nid: 0 unused scan count 0 new scan count 0 total_scan 0 last shrinker return val 0
         kswapd0-32    [001] ....    10.855310: mm_vmscan_inactive_list_is_low: nid=0 reclaim_idx=1 total_inactive=614 inactive=614 total_active=399 active=399 ratio=1 flags=RECLAIM_WB_ANON
         kswapd0-32    [001] d...    10.855364: mm_vmscan_lru_isolate: isolate_mode=0 classzone=1 order=0 nr_requested=32 nr_scanned=32 nr_skipped=0 nr_taken=32 lru=inactive_file
         kswapd0-32    [001] ....    10.855884: mm_vmscan_lru_shrink_inactive: nid=0 nr_scanned=32 nr_reclaimed=32 nr_dirty=0 nr_writeback=0 nr_congested=0 nr_immediate=0 nr_activate=0 nr_ref_keep=0 nr_unmap_fail=0 priority=9 flags=RECLAIM_WB_FILE|RECLAIM_WB_ASYNC
         kswapd0-32    [001] d...    10.855945: mm_vmscan_lru_isolate: isolate_mode=0 classzone=1 order=0 nr_requested=32 nr_scanned=32 nr_skipped=0 nr_taken=32 lru=inactive_file
         kswapd0-32    [001] ....    10.856934: mm_vmscan_lru_shrink_inactive: nid=0 nr_scanned=32 nr_reclaimed=32 nr_dirty=0 nr_writeback=0 nr_congested=0 nr_immediate=0 nr_activate=0 nr_ref_keep=0 nr_unmap_fail=0 priority=9 flags=RECLAIM_WB_FILE|RECLAIM_WB_ASYNC
         kswapd0-32    [001] d...    10.856978: mm_vmscan_lru_isolate: isolate_mode=0 classzone=1 order=0 nr_requested=6 nr_scanned=6 nr_skipped=0 nr_taken=6 lru=inactive_file
         kswapd0-32    [001] ....    10.857132: mm_vmscan_lru_shrink_inactive: nid=0 nr_scanned=6 nr_reclaimed=6 nr_dirty=0 nr_writeback=0 nr_congested=0 nr_immediate=0 nr_activate=0 nr_ref_keep=0 nr_unmap_fail=0 priority=9 flags=RECLAIM_WB_FILE|RECLAIM_WB_ASYNC
         kswapd0-32    [001] ....    10.857142: mm_vmscan_inactive_list_is_low: nid=0 reclaim_idx=1 total_inactive=614 inactive=614 total_active=399 active=399 ratio=1 flags=RECLAIM_WB_ANON
         kswapd0-32    [001] ....    10.857170: mm_shrink_slab_start: super_cache_scan+0x0/0x2f8 (____ptrval____): nid: 0 objects to shrink 0 gfp_flags GFP_KERNEL cache items 1 delta 0 total_scan 0 priority 9
         kswapd0-32    [001] ....    10.857175: mm_shrink_slab_end: super_cache_scan+0x0/0x2f8 (____ptrval____): nid: 0 unused scan count 0 new scan count 0 total_scan 0 last shrinker return val 0
         kswapd0-32    [001] ....    10.857189: mm_vmscan_inactive_list_is_low: nid=0 reclaim_idx=1 total_inactive=614 inactive=614 total_active=399 active=399 ratio=1 flags=RECLAIM_WB_ANON
         kswapd0-32    [001] d...    10.857233: mm_vmscan_lru_isolate: isolate_mode=0 classzone=1 order=0 nr_requested=32 nr_scanned=32 nr_skipped=0 nr_taken=32 lru=inactive_file
         kswapd0-32    [001] ....    10.857633: mm_vmscan_lru_shrink_inactive: nid=0 nr_scanned=32 nr_reclaimed=32 nr_dirty=0 nr_writeback=0 nr_congested=0 nr_immediate=0 nr_activate=0 nr_ref_keep=0 nr_unmap_fail=0 priority=8 flags=RECLAIM_WB_FILE|RECLAIM_WB_ASYNC
         kswapd0-32    [001] d...    10.857667: mm_vmscan_lru_isolate: isolate_mode=0 classzone=1 order=0 nr_requested=32 nr_scanned=32 nr_skipped=0 nr_taken=32 lru=inactive_file
         kswapd0-32    [001] ....    10.858076: mm_vmscan_lru_shrink_inactive: nid=0 nr_scanned=32 nr_reclaimed=32 nr_dirty=0 nr_writeback=0 nr_congested=0 nr_immediate=0 nr_activate=0 nr_ref_keep=0 nr_unmap_fail=0 priority=8 flags=RECLAIM_WB_FILE|RECLAIM_WB_ASYNC
         kswapd0-32    [001] d...    10.858112: mm_vmscan_lru_isolate: isolate_mode=0 classzone=1 order=0 nr_requested=32 nr_scanned=32 nr_skipped=0 nr_taken=32 lru=inactive_file
         kswapd0-32    [001] ....    10.858536: mm_vmscan_lru_shrink_inactive: nid=0 nr_scanned=32 nr_reclaimed=32 nr_dirty=0 nr_writeback=0 nr_congested=0 nr_immediate=0 nr_activate=0 nr_ref_keep=0 nr_unmap_fail=0 priority=8 flags=RECLAIM_WB_FILE|RECLAIM_WB_ASYNC
         kswapd0-32    [001] d...    10.858573: mm_vmscan_lru_isolate: isolate_mode=0 classzone=1 order=0 nr_requested=32 nr_scanned=32 nr_skipped=0 nr_taken=32 lru=inactive_file
         kswapd0-32    [001] ....    10.858962: mm_vmscan_lru_shrink_inactive: nid=0 nr_scanned=32 nr_reclaimed=32 nr_dirty=0 nr_writeback=0 nr_congested=0 nr_immediate=0 nr_activate=0 nr_ref_keep=0 nr_unmap_fail=0 priority=8 flags=RECLAIM_WB_FILE|RECLAIM_WB_ASYNC
         kswapd0-32    [001] d...    10.858980: mm_vmscan_lru_isolate: isolate_mode=0 classzone=1 order=0 nr_requested=13 nr_scanned=13 nr_skipped=0 nr_taken=13 lru=inactive_file
         kswapd0-32    [001] ....    10.859171: mm_vmscan_lru_shrink_inactive: nid=0 nr_scanned=13 nr_reclaimed=13 nr_dirty=0 nr_writeback=0 nr_congested=0 nr_immediate=0 nr_activate=0 nr_ref_keep=0 nr_unmap_fail=0 priority=8 flags=RECLAIM_WB_FILE|RECLAIM_WB_ASYNC
         kswapd0-32    [001] ....    10.859179: mm_vmscan_inactive_list_is_low: nid=0 reclaim_idx=1 total_inactive=614 inactive=614 total_active=399 active=399 ratio=1 flags=RECLAIM_WB_ANON
         kswapd0-32    [001] ....    10.859198: mm_shrink_slab_start: super_cache_scan+0x0/0x2f8 (____ptrval____): nid: 0 objects to shrink 0 gfp_flags GFP_KERNEL cache items 1 delta 0 total_scan 0 priority 8
         kswapd0-32    [001] ....    10.859202: mm_shrink_slab_end: super_cache_scan+0x0/0x2f8 (____ptrval____): nid: 0 unused scan count 0 new scan count 0 total_scan 0 last shrinker return val 0
             cat-189   [000] d...    10.880979: mm_vmscan_wakeup_kswapd: nid=0 zid=1 order=1 gfp_flags=GFP_NOWAIT|__GFP_NOWARN|__GFP_NORETRY|__GFP_COMP|__GFP_RECLAIMABLE
         kswapd0-32    [001] ....    10.881259: mm_vmscan_kswapd_wake: nid=0 zid=1 order=1
         kswapd0-32    [001] ....    10.881286: mm_vmscan_inactive_list_is_low: nid=0 reclaim_idx=1 total_inactive=614 inactive=614 total_active=399 active=399 ratio=1 flags=RECLAIM_WB_ANON
         kswapd0-32    [001] d...    10.881325: mm_vmscan_lru_isolate: isolate_mode=0 classzone=1 order=1 nr_requested=9 nr_scanned=9 nr_skipped=0 nr_taken=9 lru=inactive_file
         kswapd0-32    [001] ....    10.881511: mm_vmscan_lru_shrink_inactive: nid=0 nr_scanned=9 nr_reclaimed=9 nr_dirty=0 nr_writeback=0 nr_congested=0 nr_immediate=0 nr_activate=0 nr_ref_keep=0 nr_unmap_fail=0 priority=12 flags=RECLAIM_WB_FILE|RECLAIM_WB_ASYNC
         kswapd0-32    [001] ....    10.881523: mm_vmscan_inactive_list_is_low: nid=0 reclaim_idx=1 total_inactive=614 inactive=614 total_active=399 active=399 ratio=1 flags=RECLAIM_WB_ANON
         kswapd0-32    [001] ....    10.881557: mm_shrink_slab_start: super_cache_scan+0x0/0x2f8 (____ptrval____): nid: 0 objects to shrink 0 gfp_flags GFP_KERNEL cache items 1 delta 0 total_scan 0 priority 12
         kswapd0-32    [001] ....    10.881564: mm_shrink_slab_end: super_cache_scan+0x0/0x2f8 (____ptrval____): nid: 0 unused scan count 0 new scan count 0 total_scan 0 last shrinker return val 0
         kswapd0-32    [001] ....    10.881578: mm_vmscan_inactive_list_is_low: nid=0 reclaim_idx=1 total_inactive=614 inactive=614 total_active=399 active=399 ratio=1 flags=RECLAIM_WB_ANON
         kswapd0-32    [001] d...    10.881639: mm_vmscan_lru_isolate: isolate_mode=0 classzone=1 order=0 nr_requested=18 nr_scanned=18 nr_skipped=0 nr_taken=18 lru=inactive_file
         kswapd0-32    [001] ....    10.881931: mm_vmscan_lru_shrink_inactive: nid=0 nr_scanned=18 nr_reclaimed=18 nr_dirty=0 nr_writeback=0 nr_congested=0 nr_immediate=0 nr_activate=0 nr_ref_keep=0 nr_unmap_fail=0 priority=11 flags=RECLAIM_WB_FILE|RECLAIM_WB_ASYNC
         kswapd0-32    [001] ....    10.881942: mm_vmscan_inactive_list_is_low: nid=0 reclaim_idx=1 total_inactive=614 inactive=614 total_active=399 active=399 ratio=1 flags=RECLAIM_WB_ANON
         kswapd0-32    [001] ....    10.881964: mm_shrink_slab_start: super_cache_scan+0x0/0x2f8 (____ptrval____): nid: 0 objects to shrink 0 gfp_flags GFP_KERNEL cache items 1 delta 0 total_scan 0 priority 11
         kswapd0-32    [001] ....    10.881969: mm_shrink_slab_end: super_cache_scan+0x0/0x2f8 (____ptrval____): nid: 0 unused scan count 0 new scan count 0 total_scan 0 last shrinker return val 0
         kswapd0-32    [001] ....    10.881980: mm_vmscan_inactive_list_is_low: nid=0 reclaim_idx=1 total_inactive=614 inactive=614 total_active=399 active=399 ratio=1 flags=RECLAIM_WB_ANON
         kswapd0-32    [001] d...    10.882034: mm_vmscan_lru_isolate: isolate_mode=0 classzone=1 order=0 nr_requested=32 nr_scanned=32 nr_skipped=0 nr_taken=32 lru=inactive_file
         kswapd0-32    [001] ....    10.882444: mm_vmscan_lru_shrink_inactive: nid=0 nr_scanned=32 nr_reclaimed=32 nr_dirty=0 nr_writeback=0 nr_congested=0 nr_immediate=0 nr_activate=0 nr_ref_keep=0 nr_unmap_fail=0 priority=10 flags=RECLAIM_WB_FILE|RECLAIM_WB_ASYNC
         kswapd0-32    [001] d...    10.882456: mm_vmscan_lru_isolate: isolate_mode=0 classzone=1 order=0 nr_requested=4 nr_scanned=4 nr_skipped=0 nr_taken=4 lru=inactive_file
         kswapd0-32    [001] ....    10.882514: mm_vmscan_lru_shrink_inactive: nid=0 nr_scanned=4 nr_reclaimed=4 nr_dirty=0 nr_writeback=0 nr_congested=0 nr_immediate=0 nr_activate=0 nr_ref_keep=0 nr_unmap_fail=0 priority=10 flags=RECLAIM_WB_FILE|RECLAIM_WB_ASYNC
         kswapd0-32    [001] ....    10.882519: mm_vmscan_inactive_list_is_low: nid=0 reclaim_idx=1 total_inactive=614 inactive=614 total_active=399 active=399 ratio=1 flags=RECLAIM_WB_ANON
         kswapd0-32    [001] ....    10.882585: mm_shrink_slab_start: super_cache_scan+0x0/0x2f8 (____ptrval____): nid: 0 objects to shrink 0 gfp_flags GFP_KERNEL cache items 1 delta 0 total_scan 0 priority 10
         kswapd0-32    [001] ....    10.882598: mm_shrink_slab_end: super_cache_scan+0x0/0x2f8 (____ptrval____): nid: 0 unused scan count 0 new scan count 0 total_scan 0 last shrinker return val 0
         kswapd0-32    [001] ....    10.882641: mm_vmscan_inactive_list_is_low: nid=0 reclaim_idx=1 total_inactive=614 inactive=614 total_active=399 active=399 ratio=1 flags=RECLAIM_WB_ANON
         kswapd0-32    [001] d...    10.882702: mm_vmscan_lru_isolate: isolate_mode=0 classzone=1 order=0 nr_requested=32 nr_scanned=32 nr_skipped=0 nr_taken=32 lru=inactive_file
         kswapd0-32    [001] ....    10.883118: mm_vmscan_lru_shrink_inactive: nid=0 nr_scanned=32 nr_reclaimed=32 nr_dirty=0 nr_writeback=0 nr_congested=0 nr_immediate=0 nr_activate=0 nr_ref_keep=0 nr_unmap_fail=0 priority=9 flags=RECLAIM_WB_FILE|RECLAIM_WB_ASYNC
         kswapd0-32    [001] d...    10.883165: mm_vmscan_lru_isolate: isolate_mode=0 classzone=1 order=0 nr_requested=32 nr_scanned=32 nr_skipped=0 nr_taken=32 lru=inactive_file
         kswapd0-32    [001] ....    10.883547: mm_vmscan_lru_shrink_inactive: nid=0 nr_scanned=32 nr_reclaimed=32 nr_dirty=0 nr_writeback=0 nr_congested=0 nr_immediate=0 nr_activate=0 nr_ref_keep=0 nr_unmap_fail=0 priority=9 flags=RECLAIM_WB_FILE|RECLAIM_WB_ASYNC
         kswapd0-32    [001] d...    10.883560: mm_vmscan_lru_isolate: isolate_mode=0 classzone=1 order=0 nr_requested=8 nr_scanned=8 nr_skipped=0 nr_taken=8 lru=inactive_file
         kswapd0-32    [001] ....    10.883668: mm_vmscan_lru_shrink_inactive: nid=0 nr_scanned=8 nr_reclaimed=8 nr_dirty=0 nr_writeback=0 nr_congested=0 nr_immediate=0 nr_activate=0 nr_ref_keep=0 nr_unmap_fail=0 priority=9 flags=RECLAIM_WB_FILE|RECLAIM_WB_ASYNC
         kswapd0-32    [001] ....    10.883675: mm_vmscan_inactive_list_is_low: nid=0 reclaim_idx=1 total_inactive=614 inactive=614 total_active=399 active=399 ratio=1 flags=RECLAIM_WB_ANON
         kswapd0-32    [001] ....    10.883693: mm_shrink_slab_start: super_cache_scan+0x0/0x2f8 (____ptrval____): nid: 0 objects to shrink 0 gfp_flags GFP_KERNEL cache items 1 delta 0 total_scan 0 priority 9
         kswapd0-32    [001] ....    10.883697: mm_shrink_slab_end: super_cache_scan+0x0/0x2f8 (____ptrval____): nid: 0 unused scan count 0 new scan count 0 total_scan 0 last shrinker return val 0
         kswapd0-32    [001] ....    10.883708: mm_vmscan_inactive_list_is_low: nid=0 reclaim_idx=1 total_inactive=614 inactive=614 total_active=399 active=399 ratio=1 flags=RECLAIM_WB_ANON
         kswapd0-32    [001] d...    10.883748: mm_vmscan_lru_isolate: isolate_mode=0 classzone=1 order=0 nr_requested=32 nr_scanned=32 nr_skipped=0 nr_taken=32 lru=inactive_file
         kswapd0-32    [001] ....    10.884327: mm_vmscan_lru_shrink_inactive: nid=0 nr_scanned=32 nr_reclaimed=32 nr_dirty=0 nr_writeback=0 nr_congested=0 nr_immediate=0 nr_activate=0 nr_ref_keep=0 nr_unmap_fail=0 priority=8 flags=RECLAIM_WB_FILE|RECLAIM_WB_ASYNC
         kswapd0-32    [001] d...    10.884368: mm_vmscan_lru_isolate: isolate_mode=0 classzone=1 order=0 nr_requested=32 nr_scanned=32 nr_skipped=0 nr_taken=32 lru=inactive_file
         kswapd0-32    [001] ....    10.884812: mm_vmscan_lru_shrink_inactive: nid=0 nr_scanned=32 nr_reclaimed=32 nr_dirty=0 nr_writeback=0 nr_congested=0 nr_immediate=0 nr_activate=0 nr_ref_keep=0 nr_unmap_fail=0 priority=8 flags=RECLAIM_WB_FILE|RECLAIM_WB_ASYNC
         kswapd0-32    [001] d...    10.884848: mm_vmscan_lru_isolate: isolate_mode=0 classzone=1 order=0 nr_requested=32 nr_scanned=32 nr_skipped=0 nr_taken=32 lru=inactive_file
         kswapd0-32    [001] ....    10.885238: mm_vmscan_lru_shrink_inactive: nid=0 nr_scanned=32 nr_reclaimed=32 nr_dirty=0 nr_writeback=0 nr_congested=0 nr_immediate=0 nr_activate=0 nr_ref_keep=0 nr_unmap_fail=0 priority=8 flags=RECLAIM_WB_FILE|RECLAIM_WB_ASYNC
         kswapd0-32    [001] d...    10.885272: mm_vmscan_lru_isolate: isolate_mode=0 classzone=1 order=0 nr_requested=32 nr_scanned=32 nr_skipped=0 nr_taken=32 lru=inactive_file
         kswapd0-32    [001] ....    10.885667: mm_vmscan_lru_shrink_inactive: nid=0 nr_scanned=32 nr_reclaimed=32 nr_dirty=0 nr_writeback=0 nr_congested=0 nr_immediate=0 nr_activate=0 nr_ref_keep=0 nr_unmap_fail=0 priority=8 flags=RECLAIM_WB_FILE|RECLAIM_WB_ASYNC
         kswapd0-32    [001] d...    10.885687: mm_vmscan_lru_isolate: isolate_mode=0 classzone=1 order=0 nr_requested=16 nr_scanned=16 nr_skipped=0 nr_taken=16 lru=inactive_file
         kswapd0-32    [001] ....    10.885924: mm_vmscan_lru_shrink_inactive: nid=0 nr_scanned=16 nr_reclaimed=16 nr_dirty=0 nr_writeback=0 nr_congested=0 nr_immediate=0 nr_activate=0 nr_ref_keep=0 nr_unmap_fail=0 priority=8 flags=RECLAIM_WB_FILE|RECLAIM_WB_ASYNC
         kswapd0-32    [001] ....    10.885934: mm_vmscan_inactive_list_is_low: nid=0 reclaim_idx=1 total_inactive=614 inactive=614 total_active=399 active=399 ratio=1 flags=RECLAIM_WB_ANON
         kswapd0-32    [001] ....    10.885954: mm_shrink_slab_start: super_cache_scan+0x0/0x2f8 (____ptrval____): nid: 0 objects to shrink 0 gfp_flags GFP_KERNEL cache items 1 delta 0 total_scan 0 priority 8
         kswapd0-32    [001] ....    10.885958: mm_shrink_slab_end: super_cache_scan+0x0/0x2f8 (____ptrval____): nid: 0 unused scan count 0 new scan count 0 total_scan 0 last shrinker return val 0
             cat-189   [000] d...    10.908350: mm_vmscan_wakeup_kswapd: nid=0 zid=1 order=1 gfp_flags=GFP_NOWAIT|__GFP_NOWARN|__GFP_NORETRY|__GFP_COMP|__GFP_RECLAIMABLE
         kswapd0-32    [001] ....    10.908615: mm_vmscan_kswapd_wake: nid=0 zid=1 order=1
         kswapd0-32    [001] ....    10.908641: mm_vmscan_inactive_list_is_low: nid=0 reclaim_idx=1 total_inactive=614 inactive=614 total_active=404 active=404 ratio=1 flags=RECLAIM_WB_ANON
         kswapd0-32    [001] d...    10.908675: mm_vmscan_lru_isolate: isolate_mode=0 classzone=1 order=1 nr_requested=9 nr_scanned=9 nr_skipped=0 nr_taken=9 lru=inactive_file
         kswapd0-32    [001] ....    10.908851: mm_vmscan_lru_shrink_inactive: nid=0 nr_scanned=9 nr_reclaimed=9 nr_dirty=0 nr_writeback=0 nr_congested=0 nr_immediate=0 nr_activate=0 nr_ref_keep=0 nr_unmap_fail=0 priority=12 flags=RECLAIM_WB_FILE|RECLAIM_WB_ASYNC
         kswapd0-32    [001] ....    10.908860: mm_vmscan_inactive_list_is_low: nid=0 reclaim_idx=1 total_inactive=614 inactive=614 total_active=404 active=404 ratio=1 flags=RECLAIM_WB_ANON
         kswapd0-32    [001] ....    10.908893: mm_shrink_slab_start: super_cache_scan+0x0/0x2f8 (____ptrval____): nid: 0 objects to shrink 0 gfp_flags GFP_KERNEL cache items 1 delta 0 total_scan 0 priority 12
         kswapd0-32    [001] ....    10.908899: mm_shrink_slab_end: super_cache_scan+0x0/0x2f8 (____ptrval____): nid: 0 unused scan count 0 new scan count 0 total_scan 0 last shrinker return val 0
         kswapd0-32    [001] ....    10.908912: mm_vmscan_inactive_list_is_low: nid=0 reclaim_idx=1 total_inactive=614 inactive=614 total_active=404 active=404 ratio=1 flags=RECLAIM_WB_ANON
         kswapd0-32    [001] d...    10.908947: mm_vmscan_lru_isolate: isolate_mode=0 classzone=1 order=0 nr_requested=18 nr_scanned=18 nr_skipped=0 nr_taken=18 lru=inactive_file
         kswapd0-32    [001] ....    10.909188: mm_vmscan_lru_shrink_inactive: nid=0 nr_scanned=18 nr_reclaimed=18 nr_dirty=0 nr_writeback=0 nr_congested=0 nr_immediate=0 nr_activate=0 nr_ref_keep=0 nr_unmap_fail=0 priority=11 flags=RECLAIM_WB_FILE|RECLAIM_WB_ASYNC
         kswapd0-32    [001] ....    10.909194: mm_vmscan_inactive_list_is_low: nid=0 reclaim_idx=1 total_inactive=614 inactive=614 total_active=404 active=404 ratio=1 flags=RECLAIM_WB_ANON
         kswapd0-32    [001] ....    10.909209: mm_shrink_slab_start: super_cache_scan+0x0/0x2f8 (____ptrval____): nid: 0 objects to shrink 0 gfp_flags GFP_KERNEL cache items 1 delta 0 total_scan 0 priority 11
         kswapd0-32    [001] ....    10.909213: mm_shrink_slab_end: super_cache_scan+0x0/0x2f8 (____ptrval____): nid: 0 unused scan count 0 new scan count 0 total_scan 0 last shrinker return val 0
         kswapd0-32    [001] ....    10.909221: mm_vmscan_inactive_list_is_low: nid=0 reclaim_idx=1 total_inactive=614 inactive=614 total_active=404 active=404 ratio=1 flags=RECLAIM_WB_ANON
         kswapd0-32    [001] d...    10.909260: mm_vmscan_lru_isolate: isolate_mode=0 classzone=1 order=0 nr_requested=32 nr_scanned=32 nr_skipped=0 nr_taken=32 lru=inactive_file
         kswapd0-32    [001] ....    10.909650: mm_vmscan_lru_shrink_inactive: nid=0 nr_scanned=32 nr_reclaimed=32 nr_dirty=0 nr_writeback=0 nr_congested=0 nr_immediate=0 nr_activate=0 nr_ref_keep=0 nr_unmap_fail=0 priority=10 flags=RECLAIM_WB_FILE|RECLAIM_WB_ASYNC
         kswapd0-32    [001] d...    10.909669: mm_vmscan_lru_isolate: isolate_mode=0 classzone=1 order=0 nr_requested=4 nr_scanned=4 nr_skipped=0 nr_taken=4 lru=inactive_file
         kswapd0-32    [001] ....    10.909747: mm_vmscan_lru_shrink_inactive: nid=0 nr_scanned=4 nr_reclaimed=4 nr_dirty=0 nr_writeback=0 nr_congested=0 nr_immediate=0 nr_activate=0 nr_ref_keep=0 nr_unmap_fail=0 priority=10 flags=RECLAIM_WB_FILE|RECLAIM_WB_ASYNC
         kswapd0-32    [001] ....    10.909752: mm_vmscan_inactive_list_is_low: nid=0 reclaim_idx=1 total_inactive=614 inactive=614 total_active=404 active=404 ratio=1 flags=RECLAIM_WB_ANON
         kswapd0-32    [001] ....    10.909766: mm_shrink_slab_start: super_cache_scan+0x0/0x2f8 (____ptrval____): nid: 0 objects to shrink 0 gfp_flags GFP_KERNEL cache items 1 delta 0 total_scan 0 priority 10
         kswapd0-32    [001] ....    10.909770: mm_shrink_slab_end: super_cache_scan+0x0/0x2f8 (____ptrval____): nid: 0 unused scan count 0 new scan count 0 total_scan 0 last shrinker return val 0
         kswapd0-32    [001] ....    10.909777: mm_vmscan_inactive_list_is_low: nid=0 reclaim_idx=1 total_inactive=614 inactive=614 total_active=404 active=404 ratio=1 flags=RECLAIM_WB_ANON
         kswapd0-32    [001] d...    10.909815: mm_vmscan_lru_isolate: isolate_mode=0 classzone=1 order=0 nr_requested=32 nr_scanned=32 nr_skipped=0 nr_taken=32 lru=inactive_file
         kswapd0-32    [001] ....    10.910249: mm_vmscan_lru_shrink_inactive: nid=0 nr_scanned=32 nr_reclaimed=32 nr_dirty=0 nr_writeback=0 nr_congested=0 nr_immediate=0 nr_activate=0 nr_ref_keep=0 nr_unmap_fail=0 priority=9 flags=RECLAIM_WB_FILE|RECLAIM_WB_ASYNC
         kswapd0-32    [001] d...    10.910288: mm_vmscan_lru_isolate: isolate_mode=0 classzone=1 order=0 nr_requested=32 nr_scanned=32 nr_skipped=0 nr_taken=32 lru=inactive_file
         kswapd0-32    [001] ....    10.910737: mm_vmscan_lru_shrink_inactive: nid=0 nr_scanned=32 nr_reclaimed=32 nr_dirty=0 nr_writeback=0 nr_congested=0 nr_immediate=0 nr_activate=0 nr_ref_keep=0 nr_unmap_fail=0 priority=9 flags=RECLAIM_WB_FILE|RECLAIM_WB_ASYNC
         kswapd0-32    [001] d...    10.910787: mm_vmscan_lru_isolate: isolate_mode=0 classzone=1 order=0 nr_requested=9 nr_scanned=9 nr_skipped=0 nr_taken=9 lru=inactive_file
         kswapd0-32    [001] ....    10.910978: mm_vmscan_lru_shrink_inactive: nid=0 nr_scanned=9 nr_reclaimed=9 nr_dirty=0 nr_writeback=0 nr_congested=0 nr_immediate=0 nr_activate=0 nr_ref_keep=0 nr_unmap_fail=0 priority=9 flags=RECLAIM_WB_FILE|RECLAIM_WB_ASYNC
         kswapd0-32    [001] ....    10.910991: mm_vmscan_inactive_list_is_low: nid=0 reclaim_idx=1 total_inactive=614 inactive=614 total_active=404 active=404 ratio=1 flags=RECLAIM_WB_ANON
         kswapd0-32    [001] ....    10.911017: mm_shrink_slab_start: super_cache_scan+0x0/0x2f8 (____ptrval____): nid: 0 objects to shrink 0 gfp_flags GFP_KERNEL cache items 1 delta 0 total_scan 0 priority 9
         kswapd0-32    [001] ....    10.911022: mm_shrink_slab_end: super_cache_scan+0x0/0x2f8 (____ptrval____): nid: 0 unused scan count 0 new scan count 0 total_scan 0 last shrinker return val 0
         kswapd0-32    [001] ....    10.911036: mm_vmscan_inactive_list_is_low: nid=0 reclaim_idx=1 total_inactive=614 inactive=614 total_active=404 active=404 ratio=1 flags=RECLAIM_WB_ANON
         kswapd0-32    [001] d...    10.911083: mm_vmscan_lru_isolate: isolate_mode=0 classzone=1 order=0 nr_requested=32 nr_scanned=32 nr_skipped=0 nr_taken=32 lru=inactive_file
         kswapd0-32    [001] ....    10.911499: mm_vmscan_lru_shrink_inactive: nid=0 nr_scanned=32 nr_reclaimed=32 nr_dirty=0 nr_writeback=0 nr_congested=0 nr_immediate=0 nr_activate=0 nr_ref_keep=0 nr_unmap_fail=0 priority=8 flags=RECLAIM_WB_FILE|RECLAIM_WB_ASYNC
         kswapd0-32    [001] d...    10.911535: mm_vmscan_lru_isolate: isolate_mode=0 classzone=1 order=0 nr_requested=32 nr_scanned=32 nr_skipped=0 nr_taken=32 lru=inactive_file
         kswapd0-32    [001] ....    10.911978: mm_vmscan_lru_shrink_inactive: nid=0 nr_scanned=32 nr_reclaimed=32 nr_dirty=0 nr_writeback=0 nr_congested=0 nr_immediate=0 nr_activate=0 nr_ref_keep=0 nr_unmap_fail=0 priority=8 flags=RECLAIM_WB_FILE|RECLAIM_WB_ASYNC
         kswapd0-32    [001] d...    10.912039: mm_vmscan_lru_isolate: isolate_mode=0 classzone=1 order=0 nr_requested=32 nr_scanned=32 nr_skipped=0 nr_taken=32 lru=inactive_file
         kswapd0-32    [001] ....    10.912723: mm_vmscan_lru_shrink_inactive: nid=0 nr_scanned=32 nr_reclaimed=32 nr_dirty=0 nr_writeback=0 nr_congested=0 nr_immediate=0 nr_activate=0 nr_ref_keep=0 nr_unmap_fail=0 priority=8 flags=RECLAIM_WB_FILE|RECLAIM_WB_ASYNC
         kswapd0-32    [001] d...    10.912765: mm_vmscan_lru_isolate: isolate_mode=0 classzone=1 order=0 nr_requested=32 nr_scanned=32 nr_skipped=0 nr_taken=32 lru=inactive_file
         kswapd0-32    [001] ....    10.913166: mm_vmscan_lru_shrink_inactive: nid=0 nr_scanned=32 nr_reclaimed=32 nr_dirty=0 nr_writeback=0 nr_congested=0 nr_immediate=0 nr_activate=0 nr_ref_keep=0 nr_unmap_fail=0 priority=8 flags=RECLAIM_WB_FILE|RECLAIM_WB_ASYNC
         kswapd0-32    [001] d...    10.913190: mm_vmscan_lru_isolate: isolate_mode=0 classzone=1 order=0 nr_requested=18 nr_scanned=18 nr_skipped=0 nr_taken=18 lru=inactive_file
         kswapd0-32    [001] ....    10.913411: mm_vmscan_lru_shrink_inactive: nid=0 nr_scanned=18 nr_reclaimed=18 nr_dirty=0 nr_writeback=0 nr_congested=0 nr_immediate=0 nr_activate=0 nr_ref_keep=0 nr_unmap_fail=0 priority=8 flags=RECLAIM_WB_FILE|RECLAIM_WB_ASYNC
         kswapd0-32    [001] ....    10.913420: mm_vmscan_inactive_list_is_low: nid=0 reclaim_idx=1 total_inactive=614 inactive=614 total_active=404 active=404 ratio=1 flags=RECLAIM_WB_ANON
         kswapd0-32    [001] ....    10.913447: mm_shrink_slab_start: super_cache_scan+0x0/0x2f8 (____ptrval____): nid: 0 objects to shrink 0 gfp_flags GFP_KERNEL cache items 1 delta 0 total_scan 0 priority 8
         kswapd0-32    [001] ....    10.913451: mm_shrink_slab_end: super_cache_scan+0x0/0x2f8 (____ptrval____): nid: 0 unused scan count 0 new scan count 0 total_scan 0 last shrinker return val 0
         kswapd0-32    [001] ....    10.913475: mm_vmscan_inactive_list_is_low: nid=0 reclaim_idx=1 total_inactive=614 inactive=614 total_active=404 active=404 ratio=1 flags=RECLAIM_WB_ANON
         kswapd0-32    [001] d...    10.913523: mm_vmscan_lru_isolate: isolate_mode=0 classzone=1 order=0 nr_requested=32 nr_scanned=32 nr_skipped=0 nr_taken=32 lru=inactive_file
         kswapd0-32    [001] ....    10.913936: mm_vmscan_lru_shrink_inactive: nid=0 nr_scanned=32 nr_reclaimed=32 nr_dirty=0 nr_writeback=0 nr_congested=0 nr_immediate=0 nr_activate=0 nr_ref_keep=0 nr_unmap_fail=0 priority=7 flags=RECLAIM_WB_FILE|RECLAIM_WB_ASYNC
         kswapd0-32    [001] d...    10.913971: mm_vmscan_lru_isolate: isolate_mode=0 classzone=1 order=0 nr_requested=32 nr_scanned=32 nr_skipped=0 nr_taken=32 lru=inactive_file
         kswapd0-32    [001] ....    10.914373: mm_vmscan_lru_shrink_inactive: nid=0 nr_scanned=32 nr_reclaimed=32 nr_dirty=0 nr_writeback=0 nr_congested=0 nr_immediate=0 nr_activate=0 nr_ref_keep=0 nr_unmap_fail=0 priority=7 flags=RECLAIM_WB_FILE|RECLAIM_WB_ASYNC
         kswapd0-32    [001] d...    10.914503: mm_vmscan_lru_isolate: isolate_mode=0 classzone=1 order=0 nr_requested=32 nr_scanned=32 nr_skipped=0 nr_taken=32 lru=inactive_file
         kswapd0-32    [001] ....    10.914950: mm_vmscan_lru_shrink_inactive: nid=0 nr_scanned=32 nr_reclaimed=32 nr_dirty=0 nr_writeback=0 nr_congested=0 nr_immediate=0 nr_activate=0 nr_ref_keep=0 nr_unmap_fail=0 priority=7 flags=RECLAIM_WB_FILE|RECLAIM_WB_ASYNC
         kswapd0-32    [001] d...    10.914987: mm_vmscan_lru_isolate: isolate_mode=0 classzone=1 order=0 nr_requested=32 nr_scanned=32 nr_skipped=0 nr_taken=32 lru=inactive_file
         kswapd0-32    [001] ....    10.915399: mm_vmscan_lru_shrink_inactive: nid=0 nr_scanned=32 nr_reclaimed=32 nr_dirty=0 nr_writeback=0 nr_congested=0 nr_immediate=0 nr_activate=0 nr_ref_keep=0 nr_unmap_fail=0 priority=7 flags=RECLAIM_WB_FILE|RECLAIM_WB_ASYNC
         kswapd0-32    [001] d...    10.915438: mm_vmscan_lru_isolate: isolate_mode=0 classzone=1 order=0 nr_requested=32 nr_scanned=32 nr_skipped=0 nr_taken=32 lru=inactive_file
         kswapd0-32    [001] ....    10.915837: mm_vmscan_lru_shrink_inactive: nid=0 nr_scanned=32 nr_reclaimed=32 nr_dirty=0 nr_writeback=0 nr_congested=0 nr_immediate=0 nr_activate=0 nr_ref_keep=0 nr_unmap_fail=0 priority=7 flags=RECLAIM_WB_FILE|RECLAIM_WB_ASYNC
         kswapd0-32    [001] d...    10.915871: mm_vmscan_lru_isolate: isolate_mode=0 classzone=1 order=0 nr_requested=32 nr_scanned=32 nr_skipped=0 nr_taken=32 lru=inactive_file
         kswapd0-32    [001] ....    10.916490: mm_vmscan_lru_shrink_inactive: nid=0 nr_scanned=32 nr_reclaimed=32 nr_dirty=0 nr_writeback=0 nr_congested=0 nr_immediate=0 nr_activate=0 nr_ref_keep=0 nr_unmap_fail=0 priority=7 flags=RECLAIM_WB_FILE|RECLAIM_WB_ASYNC
         kswapd0-32    [001] d...    10.916533: mm_vmscan_lru_isolate: isolate_mode=0 classzone=1 order=0 nr_requested=32 nr_scanned=32 nr_skipped=0 nr_taken=32 lru=inactive_file
         kswapd0-32    [001] ....    10.916925: mm_vmscan_lru_shrink_inactive: nid=0 nr_scanned=32 nr_reclaimed=32 nr_dirty=0 nr_writeback=0 nr_congested=0 nr_immediate=0 nr_activate=0 nr_ref_keep=0 nr_unmap_fail=0 priority=7 flags=RECLAIM_WB_FILE|RECLAIM_WB_ASYNC
         kswapd0-32    [001] d...    10.916958: mm_vmscan_lru_isolate: isolate_mode=0 classzone=1 order=0 nr_requested=32 nr_scanned=32 nr_skipped=0 nr_taken=32 lru=inactive_file
         kswapd0-32    [001] ....    10.917369: mm_vmscan_lru_shrink_inactive: nid=0 nr_scanned=32 nr_reclaimed=32 nr_dirty=0 nr_writeback=0 nr_congested=0 nr_immediate=0 nr_activate=0 nr_ref_keep=0 nr_unmap_fail=0 priority=7 flags=RECLAIM_WB_FILE|RECLAIM_WB_ASYNC
         kswapd0-32    [001] d...    10.917405: mm_vmscan_lru_isolate: isolate_mode=0 classzone=1 order=0 nr_requested=32 nr_scanned=32 nr_skipped=0 nr_taken=32 lru=inactive_file
         kswapd0-32    [001] ....    10.917787: mm_vmscan_lru_shrink_inactive: nid=0 nr_scanned=32 nr_reclaimed=32 nr_dirty=0 nr_writeback=0 nr_congested=0 nr_immediate=0 nr_activate=0 nr_ref_keep=0 nr_unmap_fail=0 priority=7 flags=RECLAIM_WB_FILE|RECLAIM_WB_ASYNC
         kswapd0-32    [001] d...    10.917797: mm_vmscan_lru_isolate: isolate_mode=0 classzone=1 order=0 nr_requested=4 nr_scanned=4 nr_skipped=0 nr_taken=4 lru=inactive_file
         kswapd0-32    [001] ....    10.917866: mm_vmscan_lru_shrink_inactive: nid=0 nr_scanned=4 nr_reclaimed=4 nr_dirty=0 nr_writeback=0 nr_congested=0 nr_immediate=0 nr_activate=0 nr_ref_keep=0 nr_unmap_fail=0 priority=7 flags=RECLAIM_WB_FILE|RECLAIM_WB_ASYNC
         kswapd0-32    [001] ....    10.917875: mm_vmscan_inactive_list_is_low: nid=0 reclaim_idx=1 total_inactive=614 inactive=614 total_active=404 active=404 ratio=1 flags=RECLAIM_WB_ANON
         kswapd0-32    [001] ....    10.917901: mm_shrink_slab_start: super_cache_scan+0x0/0x2f8 (____ptrval____): nid: 0 objects to shrink 0 gfp_flags GFP_KERNEL cache items 1 delta 0 total_scan 0 priority 7
         kswapd0-32    [001] ....    10.917905: mm_shrink_slab_end: super_cache_scan+0x0/0x2f8 (____ptrval____): nid: 0 unused scan count 0 new scan count 0 total_scan 0 last shrinker return val 0
             cat-189   [000] d...    11.012949: mm_vmscan_wakeup_kswapd: nid=0 zid=1 order=1 gfp_flags=GFP_NOWAIT|__GFP_NOWARN|__GFP_NORETRY|__GFP_COMP|__GFP_RECLAIMABLE
         kswapd0-32    [001] ....    11.013302: mm_vmscan_kswapd_wake: nid=0 zid=1 order=1
         kswapd0-32    [001] ....    11.013330: mm_vmscan_inactive_list_is_low: nid=0 reclaim_idx=1 total_inactive=614 inactive=614 total_active=404 active=404 ratio=1 flags=RECLAIM_WB_ANON
         kswapd0-32    [001] d...    11.013371: mm_vmscan_lru_isolate: isolate_mode=0 classzone=1 order=1 nr_requested=9 nr_scanned=9 nr_skipped=0 nr_taken=9 lru=inactive_file
         kswapd0-32    [001] ....    11.013580: mm_vmscan_lru_shrink_inactive: nid=0 nr_scanned=9 nr_reclaimed=9 nr_dirty=0 nr_writeback=0 nr_congested=0 nr_immediate=0 nr_activate=0 nr_ref_keep=0 nr_unmap_fail=0 priority=12 flags=RECLAIM_WB_FILE|RECLAIM_WB_ASYNC
         kswapd0-32    [001] ....    11.013592: mm_vmscan_inactive_list_is_low: nid=0 reclaim_idx=1 total_inactive=614 inactive=614 total_active=404 active=404 ratio=1 flags=RECLAIM_WB_ANON
         kswapd0-32    [001] ....    11.013671: mm_shrink_slab_start: super_cache_scan+0x0/0x2f8 (____ptrval____): nid: 0 objects to shrink 0 gfp_flags GFP_KERNEL cache items 1 delta 0 total_scan 0 priority 12
         kswapd0-32    [001] ....    11.013697: mm_shrink_slab_end: super_cache_scan+0x0/0x2f8 (____ptrval____): nid: 0 unused scan count 0 new scan count 0 total_scan 0 last shrinker return val 0
         kswapd0-32    [001] ....    11.013717: mm_vmscan_inactive_list_is_low: nid=0 reclaim_idx=1 total_inactive=614 inactive=614 total_active=404 active=404 ratio=1 flags=RECLAIM_WB_ANON
         kswapd0-32    [001] d...    11.013751: mm_vmscan_lru_isolate: isolate_mode=0 classzone=1 order=0 nr_requested=19 nr_scanned=19 nr_skipped=0 nr_taken=19 lru=inactive_file
         kswapd0-32    [001] ....    11.014043: mm_vmscan_lru_shrink_inactive: nid=0 nr_scanned=19 nr_reclaimed=19 nr_dirty=0 nr_writeback=0 nr_congested=0 nr_immediate=0 nr_activate=0 nr_ref_keep=0 nr_unmap_fail=0 priority=11 flags=RECLAIM_WB_FILE|RECLAIM_WB_ASYNC
         kswapd0-32    [001] ....    11.014053: mm_vmscan_inactive_list_is_low: nid=0 reclaim_idx=1 total_inactive=614 inactive=614 total_active=404 active=404 ratio=1 flags=RECLAIM_WB_ANON
         kswapd0-32    [001] ....    11.014075: mm_shrink_slab_start: super_cache_scan+0x0/0x2f8 (____ptrval____): nid: 0 objects to shrink 0 gfp_flags GFP_KERNEL cache items 1 delta 0 total_scan 0 priority 11
         kswapd0-32    [001] ....    11.014079: mm_shrink_slab_end: super_cache_scan+0x0/0x2f8 (____ptrval____): nid: 0 unused scan count 0 new scan count 0 total_scan 0 last shrinker return val 0
         kswapd0-32    [001] ....    11.014088: mm_vmscan_inactive_list_is_low: nid=0 reclaim_idx=1 total_inactive=614 inactive=614 total_active=404 active=404 ratio=1 flags=RECLAIM_WB_ANON
         kswapd0-32    [001] d...    11.014130: mm_vmscan_lru_isolate: isolate_mode=0 classzone=1 order=0 nr_requested=32 nr_scanned=32 nr_skipped=0 nr_taken=32 lru=inactive_file
         kswapd0-32    [001] ....    11.014544: mm_vmscan_lru_shrink_inactive: nid=0 nr_scanned=32 nr_reclaimed=32 nr_dirty=0 nr_writeback=0 nr_congested=0 nr_immediate=0 nr_activate=0 nr_ref_keep=0 nr_unmap_fail=0 priority=10 flags=RECLAIM_WB_FILE|RECLAIM_WB_ASYNC
         kswapd0-32    [001] d...    11.014559: mm_vmscan_lru_isolate: isolate_mode=0 classzone=1 order=0 nr_requested=7 nr_scanned=7 nr_skipped=0 nr_taken=7 lru=inactive_file
         kswapd0-32    [001] ....    11.014658: mm_vmscan_lru_shrink_inactive: nid=0 nr_scanned=7 nr_reclaimed=7 nr_dirty=0 nr_writeback=0 nr_congested=0 nr_immediate=0 nr_activate=0 nr_ref_keep=0 nr_unmap_fail=0 priority=10 flags=RECLAIM_WB_FILE|RECLAIM_WB_ASYNC
         kswapd0-32    [001] ....    11.014665: mm_vmscan_inactive_list_is_low: nid=0 reclaim_idx=1 total_inactive=614 inactive=614 total_active=404 active=404 ratio=1 flags=RECLAIM_WB_ANON
         kswapd0-32    [001] ....    11.014680: mm_shrink_slab_start: super_cache_scan+0x0/0x2f8 (____ptrval____): nid: 0 objects to shrink 0 gfp_flags GFP_KERNEL cache items 1 delta 0 total_scan 0 priority 10
         kswapd0-32    [001] ....    11.014684: mm_shrink_slab_end: super_cache_scan+0x0/0x2f8 (____ptrval____): nid: 0 unused scan count 0 new scan count 0 total_scan 0 last shrinker return val 0
         kswapd0-32    [001] ....    11.014692: mm_vmscan_inactive_list_is_low: nid=0 reclaim_idx=1 total_inactive=614 inactive=614 total_active=404 active=404 ratio=1 flags=RECLAIM_WB_ANON
         kswapd0-32    [001] d...    11.014732: mm_vmscan_lru_isolate: isolate_mode=0 classzone=1 order=0 nr_requested=32 nr_scanned=32 nr_skipped=0 nr_taken=32 lru=inactive_file
         kswapd0-32    [001] ....    11.015211: mm_vmscan_lru_shrink_inactive: nid=0 nr_scanned=32 nr_reclaimed=32 nr_dirty=0 nr_writeback=0 nr_congested=0 nr_immediate=0 nr_activate=0 nr_ref_keep=0 nr_unmap_fail=0 priority=9 flags=RECLAIM_WB_FILE|RECLAIM_WB_ASYNC
         kswapd0-32    [001] d...    11.015259: mm_vmscan_lru_isolate: isolate_mode=0 classzone=1 order=0 nr_requested=32 nr_scanned=32 nr_skipped=0 nr_taken=32 lru=inactive_file
         kswapd0-32    [001] ....    11.015701: mm_vmscan_lru_shrink_inactive: nid=0 nr_scanned=32 nr_reclaimed=32 nr_dirty=0 nr_writeback=0 nr_congested=0 nr_immediate=0 nr_activate=0 nr_ref_keep=0 nr_unmap_fail=0 priority=9 flags=RECLAIM_WB_FILE|RECLAIM_WB_ASYNC
         kswapd0-32    [001] d...    11.015727: mm_vmscan_lru_isolate: isolate_mode=0 classzone=1 order=0 nr_requested=15 nr_scanned=15 nr_skipped=0 nr_taken=15 lru=inactive_file
         kswapd0-32    [001] ....    11.015932: mm_vmscan_lru_shrink_inactive: nid=0 nr_scanned=15 nr_reclaimed=15 nr_dirty=0 nr_writeback=0 nr_congested=0 nr_immediate=0 nr_activate=0 nr_ref_keep=0 nr_unmap_fail=0 priority=9 flags=RECLAIM_WB_FILE|RECLAIM_WB_ASYNC
         kswapd0-32    [001] ....    11.015943: mm_vmscan_inactive_list_is_low: nid=0 reclaim_idx=1 total_inactive=614 inactive=614 total_active=404 active=404 ratio=1 flags=RECLAIM_WB_ANON
         kswapd0-32    [001] ....    11.015970: mm_shrink_slab_start: super_cache_scan+0x0/0x2f8 (____ptrval____): nid: 0 objects to shrink 0 gfp_flags GFP_KERNEL cache items 1 delta 0 total_scan 0 priority 9
         kswapd0-32    [001] ....    11.015975: mm_shrink_slab_end: super_cache_scan+0x0/0x2f8 (____ptrval____): nid: 0 unused scan count 0 new scan count 0 total_scan 0 last shrinker return val 0
         kswapd0-32    [001] ....    11.116598: mm_vmscan_kswapd_wake: nid=0 zid=0 order=0
         kswapd0-32    [001] ....    11.116625: mm_vmscan_inactive_list_is_low: nid=0 reclaim_idx=0 total_inactive=614 inactive=614 total_active=404 active=404 ratio=1 flags=RECLAIM_WB_ANON
         kswapd0-32    [001] d...    11.116670: mm_vmscan_lru_isolate: isolate_mode=0 classzone=0 order=0 nr_requested=10 nr_scanned=10 nr_skipped=0 nr_taken=10 lru=inactive_file
         kswapd0-32    [001] ....    11.116872: mm_vmscan_lru_shrink_inactive: nid=0 nr_scanned=10 nr_reclaimed=10 nr_dirty=0 nr_writeback=0 nr_congested=0 nr_immediate=0 nr_activate=0 nr_ref_keep=0 nr_unmap_fail=0 priority=12 flags=RECLAIM_WB_FILE|RECLAIM_WB_ASYNC
         kswapd0-32    [001] ....    11.116880: mm_vmscan_inactive_list_is_low: nid=0 reclaim_idx=0 total_inactive=614 inactive=614 total_active=404 active=404 ratio=1 flags=RECLAIM_WB_ANON
         kswapd0-32    [001] ....    11.116917: mm_shrink_slab_start: super_cache_scan+0x0/0x2f8 (____ptrval____): nid: 0 objects to shrink 0 gfp_flags GFP_KERNEL cache items 1 delta 0 total_scan 0 priority 12
         kswapd0-32    [001] ....    11.116923: mm_shrink_slab_end: super_cache_scan+0x0/0x2f8 (____ptrval____): nid: 0 unused scan count 0 new scan count 0 total_scan 0 last shrinker return val 0
         kswapd0-32    [001] ....    11.116936: mm_vmscan_inactive_list_is_low: nid=0 reclaim_idx=0 total_inactive=614 inactive=614 total_active=404 active=404 ratio=1 flags=RECLAIM_WB_ANON
         kswapd0-32    [001] d...    11.116968: mm_vmscan_lru_isolate: isolate_mode=0 classzone=0 order=0 nr_requested=21 nr_scanned=21 nr_skipped=0 nr_taken=21 lru=inactive_file
         kswapd0-32    [001] ....    11.117239: mm_vmscan_lru_shrink_inactive: nid=0 nr_scanned=21 nr_reclaimed=21 nr_dirty=0 nr_writeback=0 nr_congested=0 nr_immediate=0 nr_activate=0 nr_ref_keep=0 nr_unmap_fail=0 priority=11 flags=RECLAIM_WB_FILE|RECLAIM_WB_ASYNC
         kswapd0-32    [001] ....    11.117245: mm_vmscan_inactive_list_is_low: nid=0 reclaim_idx=0 total_inactive=614 inactive=614 total_active=404 active=404 ratio=1 flags=RECLAIM_WB_ANON
         kswapd0-32    [001] ....    11.117263: mm_shrink_slab_start: super_cache_scan+0x0/0x2f8 (____ptrval____): nid: 0 objects to shrink 0 gfp_flags GFP_KERNEL cache items 1 delta 0 total_scan 0 priority 11
         kswapd0-32    [001] ....    11.117267: mm_shrink_slab_end: super_cache_scan+0x0/0x2f8 (____ptrval____): nid: 0 unused scan count 0 new scan count 0 total_scan 0 last shrinker return val 0
         kswapd0-32    [001] ....    11.117275: mm_vmscan_inactive_list_is_low: nid=0 reclaim_idx=0 total_inactive=614 inactive=614 total_active=404 active=404 ratio=1 flags=RECLAIM_WB_ANON
         kswapd0-32    [001] d...    11.117312: mm_vmscan_lru_isolate: isolate_mode=0 classzone=0 order=0 nr_requested=32 nr_scanned=32 nr_skipped=0 nr_taken=32 lru=inactive_file
         kswapd0-32    [001] ....    11.117723: mm_vmscan_lru_shrink_inactive: nid=0 nr_scanned=32 nr_reclaimed=32 nr_dirty=0 nr_writeback=0 nr_congested=0 nr_immediate=0 nr_activate=0 nr_ref_keep=0 nr_unmap_fail=0 priority=10 flags=RECLAIM_WB_FILE|RECLAIM_WB_ASYNC
         kswapd0-32    [001] d...    11.117739: mm_vmscan_lru_isolate: isolate_mode=0 classzone=0 order=0 nr_requested=10 nr_scanned=10 nr_skipped=0 nr_taken=10 lru=inactive_file
         kswapd0-32    [001] ....    11.117885: mm_vmscan_lru_shrink_inactive: nid=0 nr_scanned=10 nr_reclaimed=10 nr_dirty=0 nr_writeback=0 nr_congested=0 nr_immediate=0 nr_activate=0 nr_ref_keep=0 nr_unmap_fail=0 priority=10 flags=RECLAIM_WB_FILE|RECLAIM_WB_ASYNC
         kswapd0-32    [001] ....    11.117894: mm_vmscan_inactive_list_is_low: nid=0 reclaim_idx=0 total_inactive=614 inactive=614 total_active=404 active=404 ratio=1 flags=RECLAIM_WB_ANON
         kswapd0-32    [001] ....    11.117940: mm_shrink_slab_start: super_cache_scan+0x0/0x2f8 (____ptrval____): nid: 0 objects to shrink 0 gfp_flags GFP_KERNEL cache items 1 delta 0 total_scan 0 priority 10
         kswapd0-32    [001] ....    11.117968: mm_shrink_slab_end: super_cache_scan+0x0/0x2f8 (____ptrval____): nid: 0 unused scan count 0 new scan count 0 total_scan 0 last shrinker return val 0
         kswapd0-32    [001] ....    11.117983: mm_vmscan_inactive_list_is_low: nid=0 reclaim_idx=0 total_inactive=614 inactive=614 total_active=404 active=404 ratio=1 flags=RECLAIM_WB_ANON
         kswapd0-32    [001] d...    11.118031: mm_vmscan_lru_isolate: isolate_mode=0 classzone=0 order=0 nr_requested=32 nr_scanned=32 nr_skipped=0 nr_taken=32 lru=inactive_file
         kswapd0-32    [001] ....    11.118505: mm_vmscan_lru_shrink_inactive: nid=0 nr_scanned=32 nr_reclaimed=32 nr_dirty=0 nr_writeback=0 nr_congested=0 nr_immediate=0 nr_activate=0 nr_ref_keep=0 nr_unmap_fail=0 priority=9 flags=RECLAIM_WB_FILE|RECLAIM_WB_ASYNC
         kswapd0-32    [001] d...    11.118541: mm_vmscan_lru_isolate: isolate_mode=0 classzone=0 order=0 nr_requested=32 nr_scanned=32 nr_skipped=0 nr_taken=32 lru=inactive_file
         kswapd0-32    [001] ....    11.118975: mm_vmscan_lru_shrink_inactive: nid=0 nr_scanned=32 nr_reclaimed=32 nr_dirty=0 nr_writeback=0 nr_congested=0 nr_immediate=0 nr_activate=0 nr_ref_keep=0 nr_unmap_fail=0 priority=9 flags=RECLAIM_WB_FILE|RECLAIM_WB_ASYNC
         kswapd0-32    [001] d...    11.119007: mm_vmscan_lru_isolate: isolate_mode=0 classzone=0 order=0 nr_requested=20 nr_scanned=20 nr_skipped=0 nr_taken=20 lru=inactive_file
         kswapd0-32    [001] ....    11.119266: mm_vmscan_lru_shrink_inactive: nid=0 nr_scanned=20 nr_reclaimed=20 nr_dirty=0 nr_writeback=0 nr_congested=0 nr_immediate=0 nr_activate=0 nr_ref_keep=0 nr_unmap_fail=0 priority=9 flags=RECLAIM_WB_FILE|RECLAIM_WB_ASYNC
         kswapd0-32    [001] ....    11.119274: mm_vmscan_inactive_list_is_low: nid=0 reclaim_idx=0 total_inactive=614 inactive=614 total_active=404 active=404 ratio=1 flags=RECLAIM_WB_ANON
         kswapd0-32    [001] ....    11.119310: mm_shrink_slab_start: super_cache_scan+0x0/0x2f8 (____ptrval____): nid: 0 objects to shrink 0 gfp_flags GFP_KERNEL cache items 1 delta 0 total_scan 0 priority 9
         kswapd0-32    [001] ....    11.119316: mm_shrink_slab_end: super_cache_scan+0x0/0x2f8 (____ptrval____): nid: 0 unused scan count 0 new scan count 0 total_scan 0 last shrinker return val 0
         kswapd0-32    [001] ....    11.119326: mm_vmscan_inactive_list_is_low: nid=0 reclaim_idx=0 total_inactive=614 inactive=614 total_active=404 active=404 ratio=1 flags=RECLAIM_WB_ANON
         kswapd0-32    [001] d...    11.119365: mm_vmscan_lru_isolate: isolate_mode=0 classzone=0 order=0 nr_requested=32 nr_scanned=32 nr_skipped=0 nr_taken=32 lru=inactive_file
         kswapd0-32    [001] ....    11.119796: mm_vmscan_lru_shrink_inactive: nid=0 nr_scanned=32 nr_reclaimed=32 nr_dirty=0 nr_writeback=0 nr_congested=0 nr_immediate=0 nr_activate=0 nr_ref_keep=0 nr_unmap_fail=0 priority=8 flags=RECLAIM_WB_FILE|RECLAIM_WB_ASYNC
         kswapd0-32    [001] d...    11.119836: mm_vmscan_lru_isolate: isolate_mode=0 classzone=0 order=0 nr_requested=32 nr_scanned=32 nr_skipped=0 nr_taken=32 lru=inactive_file
         kswapd0-32    [001] ....    11.120542: mm_vmscan_lru_shrink_inactive: nid=0 nr_scanned=32 nr_reclaimed=32 nr_dirty=0 nr_writeback=0 nr_congested=0 nr_immediate=0 nr_activate=0 nr_ref_keep=0 nr_unmap_fail=0 priority=8 flags=RECLAIM_WB_FILE|RECLAIM_WB_ASYNC
         kswapd0-32    [001] d...    11.120590: mm_vmscan_lru_isolate: isolate_mode=0 classzone=0 order=0 nr_requested=32 nr_scanned=32 nr_skipped=0 nr_taken=32 lru=inactive_file
         kswapd0-32    [001] ....    11.120998: mm_vmscan_lru_shrink_inactive: nid=0 nr_scanned=32 nr_reclaimed=32 nr_dirty=0 nr_writeback=0 nr_congested=0 nr_immediate=0 nr_activate=0 nr_ref_keep=0 nr_unmap_fail=0 priority=8 flags=RECLAIM_WB_FILE|RECLAIM_WB_ASYNC
         kswapd0-32    [001] d...    11.121033: mm_vmscan_lru_isolate: isolate_mode=0 classzone=0 order=0 nr_requested=32 nr_scanned=32 nr_skipped=0 nr_taken=32 lru=inactive_file
         kswapd0-32    [001] ....    11.121431: mm_vmscan_lru_shrink_inactive: nid=0 nr_scanned=32 nr_reclaimed=32 nr_dirty=0 nr_writeback=0 nr_congested=0 nr_immediate=0 nr_activate=0 nr_ref_keep=0 nr_unmap_fail=0 priority=8 flags=RECLAIM_WB_FILE|RECLAIM_WB_ASYNC
         kswapd0-32    [001] d...    11.121464: mm_vmscan_lru_isolate: isolate_mode=0 classzone=0 order=0 nr_requested=32 nr_scanned=32 nr_skipped=0 nr_taken=32 lru=inactive_file
         kswapd0-32    [001] ....    11.121920: mm_vmscan_lru_shrink_inactive: nid=0 nr_scanned=32 nr_reclaimed=32 nr_dirty=0 nr_writeback=0 nr_congested=0 nr_immediate=0 nr_activate=0 nr_ref_keep=0 nr_unmap_fail=0 priority=8 flags=RECLAIM_WB_FILE|RECLAIM_WB_ASYNC
         kswapd0-32    [001] d...    11.121942: mm_vmscan_lru_isolate: isolate_mode=0 classzone=0 order=0 nr_requested=9 nr_scanned=9 nr_skipped=0 nr_taken=9 lru=inactive_file
         kswapd0-32    [001] ....    11.122081: mm_vmscan_lru_shrink_inactive: nid=0 nr_scanned=9 nr_reclaimed=9 nr_dirty=0 nr_writeback=0 nr_congested=0 nr_immediate=0 nr_activate=0 nr_ref_keep=0 nr_unmap_fail=0 priority=8 flags=RECLAIM_WB_FILE|RECLAIM_WB_ASYNC
         kswapd0-32    [001] ....    11.122088: mm_vmscan_inactive_list_is_low: nid=0 reclaim_idx=0 total_inactive=614 inactive=614 total_active=404 active=404 ratio=1 flags=RECLAIM_WB_ANON
         kswapd0-32    [001] ....    11.122139: mm_shrink_slab_start: super_cache_scan+0x0/0x2f8 (____ptrval____): nid: 0 objects to shrink 0 gfp_flags GFP_KERNEL cache items 1 delta 0 total_scan 0 priority 8
         kswapd0-32    [001] ....    11.122172: mm_shrink_slab_end: super_cache_scan+0x0/0x2f8 (____ptrval____): nid: 0 unused scan count 0 new scan count 0 total_scan 0 last shrinker return val 0
             cat-189   [000] ....    11.128796: mm_vmscan_wakeup_kswapd: nid=0 zid=0 order=0 gfp_flags=none
             cat-189   [000] ....    11.128963: mm_vmscan_direct_reclaim_begin: order=0 may_writepage=1 gfp_flags=GFP_HIGHUSER_MOVABLE|__GFP_NOWARN|__GFP_NORETRY classzone_idx=2
             cat-189   [000] d...    11.129038: mm_vmscan_lru_isolate: isolate_mode=0 classzone=2 order=0 nr_requested=10 nr_scanned=10 nr_skipped=0 nr_taken=10 lru=inactive_file
         kswapd0-32    [001] ....    11.129075: mm_vmscan_kswapd_wake: nid=0 zid=2 order=0
         kswapd0-32    [001] ....    11.129134: mm_vmscan_inactive_list_is_low: nid=0 reclaim_idx=2 total_inactive=614 inactive=614 total_active=404 active=404 ratio=1 flags=RECLAIM_WB_ANON
         kswapd0-32    [001] d...    11.129167: mm_vmscan_lru_isolate: isolate_mode=0 classzone=2 order=0 nr_requested=10 nr_scanned=10 nr_skipped=0 nr_taken=10 lru=inactive_file
             cat-189   [000] ....    11.129213: mm_vmscan_lru_shrink_inactive: nid=0 nr_scanned=10 nr_reclaimed=10 nr_dirty=0 nr_writeback=0 nr_congested=0 nr_immediate=0 nr_activate=0 nr_ref_keep=0 nr_unmap_fail=0 priority=12 flags=RECLAIM_WB_FILE|RECLAIM_WB_ASYNC
             cat-189   [000] ....    11.129224: mm_vmscan_inactive_list_is_low: nid=0 reclaim_idx=2 total_inactive=614 inactive=614 total_active=404 active=404 ratio=1 flags=RECLAIM_WB_ANON
             cat-189   [000] ....    11.129264: mm_shrink_slab_start: super_cache_scan+0x0/0x2f8 (____ptrval____): nid: 0 objects to shrink 0 gfp_flags GFP_HIGHUSER_MOVABLE|__GFP_NOWARN|__GFP_NORETRY cache items 1 delta 0 total_scan 0 priority 12
             cat-189   [000] ....    11.129271: mm_shrink_slab_end: super_cache_scan+0x0/0x2f8 (____ptrval____): nid: 0 unused scan count 0 new scan count 0 total_scan 0 last shrinker return val 0
             cat-189   [000] d...    11.129312: mm_vmscan_lru_isolate: isolate_mode=0 classzone=2 order=0 nr_requested=21 nr_scanned=21 nr_skipped=0 nr_taken=21 lru=inactive_file
         kswapd0-32    [001] ....    11.129346: mm_vmscan_lru_shrink_inactive: nid=0 nr_scanned=10 nr_reclaimed=10 nr_dirty=0 nr_writeback=0 nr_congested=0 nr_immediate=0 nr_activate=0 nr_ref_keep=0 nr_unmap_fail=0 priority=12 flags=RECLAIM_WB_FILE|RECLAIM_WB_ASYNC
         kswapd0-32    [001] ....    11.129355: mm_vmscan_inactive_list_is_low: nid=0 reclaim_idx=2 total_inactive=614 inactive=614 total_active=404 active=404 ratio=1 flags=RECLAIM_WB_ANON
         kswapd0-32    [001] ....    11.129378: mm_shrink_slab_start: super_cache_scan+0x0/0x2f8 (____ptrval____): nid: 0 objects to shrink 0 gfp_flags GFP_KERNEL cache items 1 delta 0 total_scan 0 priority 12
         kswapd0-32    [001] ....    11.129384: mm_shrink_slab_end: super_cache_scan+0x0/0x2f8 (____ptrval____): nid: 0 unused scan count 0 new scan count 0 total_scan 0 last shrinker return val 0
         kswapd0-32    [001] ....    11.129395: mm_vmscan_inactive_list_is_low: nid=0 reclaim_idx=2 total_inactive=614 inactive=614 total_active=404 active=404 ratio=1 flags=RECLAIM_WB_ANON
         kswapd0-32    [001] d...    11.129425: mm_vmscan_lru_isolate: isolate_mode=0 classzone=2 order=0 nr_requested=21 nr_scanned=21 nr_skipped=0 nr_taken=21 lru=inactive_file
             cat-189   [000] ....    11.129571: mm_vmscan_lru_shrink_inactive: nid=0 nr_scanned=21 nr_reclaimed=21 nr_dirty=0 nr_writeback=0 nr_congested=0 nr_immediate=0 nr_activate=0 nr_ref_keep=0 nr_unmap_fail=0 priority=11 flags=RECLAIM_WB_FILE|RECLAIM_WB_ASYNC
             cat-189   [000] ....    11.129577: mm_vmscan_inactive_list_is_low: nid=0 reclaim_idx=2 total_inactive=614 inactive=614 total_active=404 active=404 ratio=1 flags=RECLAIM_WB_ANON
             cat-189   [000] ....    11.129592: mm_shrink_slab_start: super_cache_scan+0x0/0x2f8 (____ptrval____): nid: 0 objects to shrink 0 gfp_flags GFP_HIGHUSER_MOVABLE|__GFP_NOWARN|__GFP_NORETRY cache items 1 delta 0 total_scan 0 priority 11
             cat-189   [000] ....    11.129596: mm_shrink_slab_end: super_cache_scan+0x0/0x2f8 (____ptrval____): nid: 0 unused scan count 0 new scan count 0 total_scan 0 last shrinker return val 0
             cat-189   [000] d...    11.129636: mm_vmscan_lru_isolate: isolate_mode=0 classzone=2 order=0 nr_requested=32 nr_scanned=32 nr_skipped=0 nr_taken=32 lru=inactive_file
         kswapd0-32    [001] ....    11.129694: mm_vmscan_lru_shrink_inactive: nid=0 nr_scanned=21 nr_reclaimed=21 nr_dirty=0 nr_writeback=0 nr_congested=0 nr_immediate=0 nr_activate=0 nr_ref_keep=0 nr_unmap_fail=0 priority=11 flags=RECLAIM_WB_FILE|RECLAIM_WB_ASYNC
         kswapd0-32    [001] ....    11.129700: mm_vmscan_inactive_list_is_low: nid=0 reclaim_idx=2 total_inactive=614 inactive=614 total_active=404 active=404 ratio=1 flags=RECLAIM_WB_ANON
         kswapd0-32    [001] ....    11.129715: mm_shrink_slab_start: super_cache_scan+0x0/0x2f8 (____ptrval____): nid: 0 objects to shrink 0 gfp_flags GFP_KERNEL cache items 1 delta 0 total_scan 0 priority 11
         kswapd0-32    [001] ....    11.129719: mm_shrink_slab_end: super_cache_scan+0x0/0x2f8 (____ptrval____): nid: 0 unused scan count 0 new scan count 0 total_scan 0 last shrinker return val 0
         kswapd0-32    [001] ....    11.129727: mm_vmscan_inactive_list_is_low: nid=0 reclaim_idx=2 total_inactive=614 inactive=614 total_active=404 active=404 ratio=1 flags=RECLAIM_WB_ANON
         kswapd0-32    [001] d...    11.129765: mm_vmscan_lru_isolate: isolate_mode=0 classzone=2 order=0 nr_requested=32 nr_scanned=32 nr_skipped=0 nr_taken=32 lru=inactive_file
             cat-189   [000] ....    11.130049: mm_vmscan_lru_shrink_inactive: nid=0 nr_scanned=32 nr_reclaimed=32 nr_dirty=0 nr_writeback=0 nr_congested=0 nr_immediate=0 nr_activate=0 nr_ref_keep=0 nr_unmap_fail=0 priority=10 flags=RECLAIM_WB_FILE|RECLAIM_WB_ASYNC
             cat-189   [000] ....    11.130084: mm_vmscan_inactive_list_is_low: nid=0 reclaim_idx=2 total_inactive=614 inactive=614 total_active=404 active=404 ratio=1 flags=RECLAIM_WB_ANON
             cat-189   [000] ....    11.130100: mm_shrink_slab_start: super_cache_scan+0x0/0x2f8 (____ptrval____): nid: 0 objects to shrink 0 gfp_flags GFP_HIGHUSER_MOVABLE|__GFP_NOWARN|__GFP_NORETRY cache items 1 delta 0 total_scan 0 priority 10
             cat-189   [000] ....    11.130104: mm_shrink_slab_end: super_cache_scan+0x0/0x2f8 (____ptrval____): nid: 0 unused scan count 0 new scan count 0 total_scan 0 last shrinker return val 0
             cat-189   [000] ....    11.130113: mm_vmscan_direct_reclaim_end: nr_reclaimed=63
         kswapd0-32    [001] ....    11.130175: mm_vmscan_lru_shrink_inactive: nid=0 nr_scanned=32 nr_reclaimed=32 nr_dirty=0 nr_writeback=0 nr_congested=0 nr_immediate=0 nr_activate=0 nr_ref_keep=0 nr_unmap_fail=0 priority=10 flags=RECLAIM_WB_FILE|RECLAIM_WB_ASYNC
         kswapd0-32    [001] dn..    11.130196: mm_vmscan_lru_isolate: isolate_mode=0 classzone=2 order=0 nr_requested=10 nr_scanned=10 nr_skipped=0 nr_taken=10 lru=inactive_file
         kswapd0-32    [001] ....    11.130709: mm_vmscan_lru_shrink_inactive: nid=0 nr_scanned=10 nr_reclaimed=10 nr_dirty=0 nr_writeback=0 nr_congested=0 nr_immediate=0 nr_activate=0 nr_ref_keep=0 nr_unmap_fail=0 priority=10 flags=RECLAIM_WB_FILE|RECLAIM_WB_ASYNC
         kswapd0-32    [001] ....    11.130720: mm_vmscan_inactive_list_is_low: nid=0 reclaim_idx=2 total_inactive=614 inactive=614 total_active=404 active=404 ratio=1 flags=RECLAIM_WB_ANON
         kswapd0-32    [001] ....    11.130738: mm_shrink_slab_start: super_cache_scan+0x0/0x2f8 (____ptrval____): nid: 0 objects to shrink 0 gfp_flags GFP_KERNEL cache items 1 delta 0 total_scan 0 priority 10
         kswapd0-32    [001] ....    11.130744: mm_shrink_slab_end: super_cache_scan+0x0/0x2f8 (____ptrval____): nid: 0 unused scan count 0 new scan count 0 total_scan 0 last shrinker return val 0
         kswapd0-32    [001] ....    11.130756: mm_vmscan_inactive_list_is_low: nid=0 reclaim_idx=2 total_inactive=614 inactive=614 total_active=404 active=404 ratio=1 flags=RECLAIM_WB_ANON
         kswapd0-32    [001] d...    11.130799: mm_vmscan_lru_isolate: isolate_mode=0 classzone=2 order=0 nr_requested=32 nr_scanned=32 nr_skipped=0 nr_taken=32 lru=inactive_file
         kswapd0-32    [001] ....    11.131243: mm_vmscan_lru_shrink_inactive: nid=0 nr_scanned=32 nr_reclaimed=32 nr_dirty=0 nr_writeback=0 nr_congested=0 nr_immediate=0 nr_activate=0 nr_ref_keep=0 nr_unmap_fail=0 priority=9 flags=RECLAIM_WB_FILE|RECLAIM_WB_ASYNC
         kswapd0-32    [001] d...    11.131280: mm_vmscan_lru_isolate: isolate_mode=0 classzone=2 order=0 nr_requested=32 nr_scanned=32 nr_skipped=0 nr_taken=32 lru=inactive_file
             cat-189   [000] ....    11.131598: mm_vmscan_direct_reclaim_begin: order=0 may_writepage=1 gfp_flags=GFP_HIGHUSER_MOVABLE|__GFP_NOWARN|__GFP_NORETRY classzone_idx=2
             cat-189   [000] d...    11.131680: mm_vmscan_lru_isolate: isolate_mode=0 classzone=2 order=0 nr_requested=10 nr_scanned=10 nr_skipped=0 nr_taken=10 lru=inactive_file
         kswapd0-32    [001] ....    11.131696: mm_vmscan_lru_shrink_inactive: nid=0 nr_scanned=32 nr_reclaimed=32 nr_dirty=0 nr_writeback=0 nr_congested=0 nr_immediate=0 nr_activate=0 nr_ref_keep=0 nr_unmap_fail=0 priority=9 flags=RECLAIM_WB_FILE|RECLAIM_WB_ASYNC
         kswapd0-32    [001] d...    11.131721: mm_vmscan_lru_isolate: isolate_mode=0 classzone=2 order=0 nr_requested=20 nr_scanned=20 nr_skipped=0 nr_taken=20 lru=inactive_file
             cat-189   [000] ....    11.131836: mm_vmscan_lru_shrink_inactive: nid=0 nr_scanned=10 nr_reclaimed=10 nr_dirty=0 nr_writeback=0 nr_congested=0 nr_immediate=0 nr_activate=0 nr_ref_keep=0 nr_unmap_fail=0 priority=12 flags=RECLAIM_WB_FILE|RECLAIM_WB_ASYNC
             cat-189   [000] ....    11.131844: mm_vmscan_inactive_list_is_low: nid=0 reclaim_idx=2 total_inactive=614 inactive=614 total_active=404 active=404 ratio=1 flags=RECLAIM_WB_ANON
             cat-189   [000] ....    11.131875: mm_shrink_slab_start: super_cache_scan+0x0/0x2f8 (____ptrval____): nid: 0 objects to shrink 0 gfp_flags GFP_HIGHUSER_MOVABLE|__GFP_NOWARN|__GFP_NORETRY cache items 1 delta 0 total_scan 0 priority 12
             cat-189   [000] ....    11.131882: mm_shrink_slab_end: super_cache_scan+0x0/0x2f8 (____ptrval____): nid: 0 unused scan count 0 new scan count 0 total_scan 0 last shrinker return val 0
             cat-189   [000] d...    11.131922: mm_vmscan_lru_isolate: isolate_mode=0 classzone=2 order=0 nr_requested=21 nr_scanned=21 nr_skipped=0 nr_taken=21 lru=inactive_file
         kswapd0-32    [001] ....    11.132373: mm_vmscan_lru_shrink_inactive: nid=0 nr_scanned=20 nr_reclaimed=20 nr_dirty=0 nr_writeback=0 nr_congested=0 nr_immediate=0 nr_activate=0 nr_ref_keep=0 nr_unmap_fail=0 priority=9 flags=RECLAIM_WB_FILE|RECLAIM_WB_ASYNC
         kswapd0-32    [001] ....    11.132385: mm_vmscan_inactive_list_is_low: nid=0 reclaim_idx=2 total_inactive=614 inactive=614 total_active=404 active=404 ratio=1 flags=RECLAIM_WB_ANON
         kswapd0-32    [001] ....    11.132404: mm_shrink_slab_start: super_cache_scan+0x0/0x2f8 (____ptrval____): nid: 0 objects to shrink 0 gfp_flags GFP_KERNEL cache items 1 delta 0 total_scan 0 priority 9
         kswapd0-32    [001] ....    11.132408: mm_shrink_slab_end: super_cache_scan+0x0/0x2f8 (____ptrval____): nid: 0 unused scan count 0 new scan count 0 total_scan 0 last shrinker return val 0
         kswapd0-32    [001] ....    11.132420: mm_vmscan_inactive_list_is_low: nid=0 reclaim_idx=2 total_inactive=614 inactive=614 total_active=404 active=404 ratio=1 flags=RECLAIM_WB_ANON
             cat-189   [000] ....    11.132431: mm_vmscan_lru_shrink_inactive: nid=0 nr_scanned=21 nr_reclaimed=21 nr_dirty=0 nr_writeback=0 nr_congested=0 nr_immediate=0 nr_activate=0 nr_ref_keep=0 nr_unmap_fail=0 priority=11 flags=RECLAIM_WB_FILE|RECLAIM_WB_ASYNC
             cat-189   [000] ....    11.132446: mm_vmscan_inactive_list_is_low: nid=0 reclaim_idx=2 total_inactive=614 inactive=614 total_active=404 active=404 ratio=1 flags=RECLAIM_WB_ANON
         kswapd0-32    [001] d...    11.132463: mm_vmscan_lru_isolate: isolate_mode=0 classzone=2 order=0 nr_requested=32 nr_scanned=32 nr_skipped=0 nr_taken=32 lru=inactive_file
             cat-189   [000] ....    11.132468: mm_shrink_slab_start: super_cache_scan+0x0/0x2f8 (____ptrval____): nid: 0 objects to shrink 0 gfp_flags GFP_HIGHUSER_MOVABLE|__GFP_NOWARN|__GFP_NORETRY cache items 1 delta 0 total_scan 0 priority 11
             cat-189   [000] ....    11.132473: mm_shrink_slab_end: super_cache_scan+0x0/0x2f8 (____ptrval____): nid: 0 unused scan count 0 new scan count 0 total_scan 0 last shrinker return val 0
             cat-189   [000] d...    11.132519: mm_vmscan_lru_isolate: isolate_mode=0 classzone=2 order=0 nr_requested=32 nr_scanned=32 nr_skipped=0 nr_taken=32 lru=inactive_file
         kswapd0-32    [001] ....    11.132915: mm_vmscan_lru_shrink_inactive: nid=0 nr_scanned=32 nr_reclaimed=32 nr_dirty=0 nr_writeback=0 nr_congested=0 nr_immediate=0 nr_activate=0 nr_ref_keep=0 nr_unmap_fail=0 priority=8 flags=RECLAIM_WB_FILE|RECLAIM_WB_ASYNC
         kswapd0-32    [001] d...    11.132953: mm_vmscan_lru_isolate: isolate_mode=0 classzone=2 order=0 nr_requested=32 nr_scanned=32 nr_skipped=0 nr_taken=32 lru=inactive_file
             cat-189   [000] ....    11.132965: mm_vmscan_lru_shrink_inactive: nid=0 nr_scanned=32 nr_reclaimed=32 nr_dirty=0 nr_writeback=0 nr_congested=0 nr_immediate=0 nr_activate=0 nr_ref_keep=0 nr_unmap_fail=0 priority=10 flags=RECLAIM_WB_FILE|RECLAIM_WB_ASYNC
             cat-189   [000] ....    11.132972: mm_vmscan_inactive_list_is_low: nid=0 reclaim_idx=2 total_inactive=614 inactive=614 total_active=404 active=404 ratio=1 flags=RECLAIM_WB_ANON
             cat-189   [000] ....    11.132987: mm_shrink_slab_start: super_cache_scan+0x0/0x2f8 (____ptrval____): nid: 0 objects to shrink 0 gfp_flags GFP_HIGHUSER_MOVABLE|__GFP_NOWARN|__GFP_NORETRY cache items 1 delta 0 total_scan 0 priority 10
             cat-189   [000] ....    11.132991: mm_shrink_slab_end: super_cache_scan+0x0/0x2f8 (____ptrval____): nid: 0 unused scan count 0 new scan count 0 total_scan 0 last shrinker return val 0
             cat-189   [000] ....    11.133000: mm_vmscan_direct_reclaim_end: nr_reclaimed=63
         kswapd0-32    [001] ....    11.133509: mm_vmscan_lru_shrink_inactive: nid=0 nr_scanned=32 nr_reclaimed=32 nr_dirty=0 nr_writeback=0 nr_congested=0 nr_immediate=0 nr_activate=0 nr_ref_keep=0 nr_unmap_fail=0 priority=8 flags=RECLAIM_WB_FILE|RECLAIM_WB_ASYNC
         kswapd0-32    [001] d...    11.133546: mm_vmscan_lru_isolate: isolate_mode=0 classzone=2 order=0 nr_requested=32 nr_scanned=32 nr_skipped=0 nr_taken=32 lru=inactive_file
             cat-189   [000] ....    11.134218: mm_vmscan_direct_reclaim_begin: order=0 may_writepage=1 gfp_flags=GFP_HIGHUSER_MOVABLE|__GFP_NOWARN|__GFP_NORETRY classzone_idx=2
         kswapd0-32    [001] ....    11.134224: mm_vmscan_lru_shrink_inactive: nid=0 nr_scanned=32 nr_reclaimed=32 nr_dirty=0 nr_writeback=0 nr_congested=0 nr_immediate=0 nr_activate=0 nr_ref_keep=0 nr_unmap_fail=0 priority=8 flags=RECLAIM_WB_FILE|RECLAIM_WB_ASYNC
         kswapd0-32    [001] d...    11.134263: mm_vmscan_lru_isolate: isolate_mode=0 classzone=2 order=0 nr_requested=32 nr_scanned=32 nr_skipped=0 nr_taken=32 lru=inactive_file
             cat-189   [000] d...    11.134281: mm_vmscan_lru_isolate: isolate_mode=0 classzone=2 order=0 nr_requested=10 nr_scanned=10 nr_skipped=0 nr_taken=10 lru=inactive_file
             cat-189   [000] ....    11.134426: mm_vmscan_lru_shrink_inactive: nid=0 nr_scanned=10 nr_reclaimed=10 nr_dirty=0 nr_writeback=0 nr_congested=0 nr_immediate=0 nr_activate=0 nr_ref_keep=0 nr_unmap_fail=0 priority=12 flags=RECLAIM_WB_FILE|RECLAIM_WB_ASYNC
             cat-189   [000] ....    11.134434: mm_vmscan_inactive_list_is_low: nid=0 reclaim_idx=2 total_inactive=614 inactive=614 total_active=404 active=404 ratio=1 flags=RECLAIM_WB_ANON
             cat-189   [000] ....    11.134468: mm_shrink_slab_start: super_cache_scan+0x0/0x2f8 (____ptrval____): nid: 0 objects to shrink 0 gfp_flags GFP_HIGHUSER_MOVABLE|__GFP_NOWARN|__GFP_NORETRY cache items 1 delta 0 total_scan 0 priority 12
             cat-189   [000] ....    11.134474: mm_shrink_slab_end: super_cache_scan+0x0/0x2f8 (____ptrval____): nid: 0 unused scan count 0 new scan count 0 total_scan 0 last shrinker return val 0
             cat-189   [000] d...    11.134509: mm_vmscan_lru_isolate: isolate_mode=0 classzone=2 order=0 nr_requested=21 nr_scanned=21 nr_skipped=0 nr_taken=21 lru=inactive_file
         kswapd0-32    [001] ....    11.134678: mm_vmscan_lru_shrink_inactive: nid=0 nr_scanned=32 nr_reclaimed=32 nr_dirty=0 nr_writeback=0 nr_congested=0 nr_immediate=0 nr_activate=0 nr_ref_keep=0 nr_unmap_fail=0 priority=8 flags=RECLAIM_WB_FILE|RECLAIM_WB_ASYNC
         kswapd0-32    [001] d...    11.134715: mm_vmscan_lru_isolate: isolate_mode=0 classzone=2 order=0 nr_requested=32 nr_scanned=32 nr_skipped=0 nr_taken=32 lru=inactive_file
             cat-189   [000] ....    11.134744: mm_vmscan_lru_shrink_inactive: nid=0 nr_scanned=21 nr_reclaimed=21 nr_dirty=0 nr_writeback=0 nr_congested=0 nr_immediate=0 nr_activate=0 nr_ref_keep=0 nr_unmap_fail=0 priority=11 flags=RECLAIM_WB_FILE|RECLAIM_WB_ASYNC
             cat-189   [000] ....    11.134750: mm_vmscan_inactive_list_is_low: nid=0 reclaim_idx=2 total_inactive=614 inactive=614 total_active=404 active=404 ratio=1 flags=RECLAIM_WB_ANON
             cat-189   [000] ....    11.134766: mm_shrink_slab_start: super_cache_scan+0x0/0x2f8 (____ptrval____): nid: 0 objects to shrink 0 gfp_flags GFP_HIGHUSER_MOVABLE|__GFP_NOWARN|__GFP_NORETRY cache items 1 delta 0 total_scan 0 priority 11
             cat-189   [000] ....    11.134770: mm_shrink_slab_end: super_cache_scan+0x0/0x2f8 (____ptrval____): nid: 0 unused scan count 0 new scan count 0 total_scan 0 last shrinker return val 0
             cat-189   [000] d...    11.134809: mm_vmscan_lru_isolate: isolate_mode=0 classzone=2 order=0 nr_requested=32 nr_scanned=32 nr_skipped=0 nr_taken=32 lru=inactive_file
         kswapd0-32    [001] ....    11.135117: mm_vmscan_lru_shrink_inactive: nid=0 nr_scanned=32 nr_reclaimed=32 nr_dirty=0 nr_writeback=0 nr_congested=0 nr_immediate=0 nr_activate=0 nr_ref_keep=0 nr_unmap_fail=0 priority=8 flags=RECLAIM_WB_FILE|RECLAIM_WB_ASYNC
         kswapd0-32    [001] d...    11.135131: mm_vmscan_lru_isolate: isolate_mode=0 classzone=2 order=0 nr_requested=8 nr_scanned=8 nr_skipped=0 nr_taken=8 lru=inactive_file
             cat-189   [000] ....    11.135210: mm_vmscan_lru_shrink_inactive: nid=0 nr_scanned=32 nr_reclaimed=32 nr_dirty=0 nr_writeback=0 nr_congested=0 nr_immediate=0 nr_activate=0 nr_ref_keep=0 nr_unmap_fail=0 priority=10 flags=RECLAIM_WB_FILE|RECLAIM_WB_ASYNC
             cat-189   [000] ....    11.135216: mm_vmscan_inactive_list_is_low: nid=0 reclaim_idx=2 total_inactive=614 inactive=614 total_active=404 active=404 ratio=1 flags=RECLAIM_WB_ANON
             cat-189   [000] ....    11.135230: mm_shrink_slab_start: super_cache_scan+0x0/0x2f8 (____ptrval____): nid: 0 objects to shrink 0 gfp_flags GFP_HIGHUSER_MOVABLE|__GFP_NOWARN|__GFP_NORETRY cache items 1 delta 0 total_scan 0 priority 10
             cat-189   [000] ....    11.135234: mm_shrink_slab_end: super_cache_scan+0x0/0x2f8 (____ptrval____): nid: 0 unused scan count 0 new scan count 0 total_scan 0 last shrinker return val 0
             cat-189   [000] ....    11.135242: mm_vmscan_direct_reclaim_end: nr_reclaimed=63
         kswapd0-32    [001] ....    11.135245: mm_vmscan_lru_shrink_inactive: nid=0 nr_scanned=8 nr_reclaimed=8 nr_dirty=0 nr_writeback=0 nr_congested=0 nr_immediate=0 nr_activate=0 nr_ref_keep=0 nr_unmap_fail=0 priority=8 flags=RECLAIM_WB_FILE|RECLAIM_WB_ASYNC
         kswapd0-32    [001] ....    11.135251: mm_vmscan_inactive_list_is_low: nid=0 reclaim_idx=2 total_inactive=614 inactive=614 total_active=404 active=404 ratio=1 flags=RECLAIM_WB_ANON
         kswapd0-32    [001] ....    11.135269: mm_shrink_slab_start: super_cache_scan+0x0/0x2f8 (____ptrval____): nid: 0 objects to shrink 0 gfp_flags GFP_KERNEL cache items 1 delta 0 total_scan 0 priority 8
         kswapd0-32    [001] ....    11.135273: mm_shrink_slab_end: super_cache_scan+0x0/0x2f8 (____ptrval____): nid: 0 unused scan count 0 new scan count 0 total_scan 0 last shrinker return val 0
         kswapd0-32    [001] ....    11.135285: mm_vmscan_inactive_list_is_low: nid=0 reclaim_idx=2 total_inactive=614 inactive=614 total_active=404 active=404 ratio=1 flags=RECLAIM_WB_ANON
         kswapd0-32    [001] dn..    11.135326: mm_vmscan_lru_isolate: isolate_mode=0 classzone=2 order=0 nr_requested=32 nr_scanned=32 nr_skipped=0 nr_taken=32 lru=inactive_file
         kswapd0-32    [001] ....    11.135986: mm_vmscan_lru_shrink_inactive: nid=0 nr_scanned=32 nr_reclaimed=32 nr_dirty=0 nr_writeback=0 nr_congested=0 nr_immediate=0 nr_activate=0 nr_ref_keep=0 nr_unmap_fail=0 priority=7 flags=RECLAIM_WB_FILE|RECLAIM_WB_ASYNC
         kswapd0-32    [001] d...    11.136033: mm_vmscan_lru_isolate: isolate_mode=0 classzone=2 order=0 nr_requested=32 nr_scanned=32 nr_skipped=0 nr_taken=32 lru=inactive_file
         kswapd0-32    [001] ....    11.136560: mm_vmscan_lru_shrink_inactive: nid=0 nr_scanned=32 nr_reclaimed=32 nr_dirty=0 nr_writeback=0 nr_congested=0 nr_immediate=0 nr_activate=0 nr_ref_keep=0 nr_unmap_fail=0 priority=7 flags=RECLAIM_WB_FILE|RECLAIM_WB_ASYNC
         kswapd0-32    [001] d...    11.136602: mm_vmscan_lru_isolate: isolate_mode=0 classzone=2 order=0 nr_requested=32 nr_scanned=32 nr_skipped=0 nr_taken=32 lru=inactive_file
         kswapd0-32    [001] ....    11.136988: mm_vmscan_lru_shrink_inactive: nid=0 nr_scanned=32 nr_reclaimed=32 nr_dirty=0 nr_writeback=0 nr_congested=0 nr_immediate=0 nr_activate=0 nr_ref_keep=0 nr_unmap_fail=0 priority=7 flags=RECLAIM_WB_FILE|RECLAIM_WB_ASYNC
         kswapd0-32    [001] d...    11.137020: mm_vmscan_lru_isolate: isolate_mode=0 classzone=2 order=0 nr_requested=32 nr_scanned=32 nr_skipped=0 nr_taken=32 lru=inactive_file
         kswapd0-32    [001] ....    11.137416: mm_vmscan_lru_shrink_inactive: nid=0 nr_scanned=32 nr_reclaimed=32 nr_dirty=0 nr_writeback=0 nr_congested=0 nr_immediate=0 nr_activate=0 nr_ref_keep=0 nr_unmap_fail=0 priority=7 flags=RECLAIM_WB_FILE|RECLAIM_WB_ASYNC
         kswapd0-32    [001] d...    11.137449: mm_vmscan_lru_isolate: isolate_mode=0 classzone=2 order=0 nr_requested=32 nr_scanned=32 nr_skipped=0 nr_taken=32 lru=inactive_file
         kswapd0-32    [001] ....    11.137892: mm_vmscan_lru_shrink_inactive: nid=0 nr_scanned=32 nr_reclaimed=32 nr_dirty=0 nr_writeback=0 nr_congested=0 nr_immediate=0 nr_activate=0 nr_ref_keep=0 nr_unmap_fail=0 priority=7 flags=RECLAIM_WB_FILE|RECLAIM_WB_ASYNC
         kswapd0-32    [001] d...    11.137935: mm_vmscan_lru_isolate: isolate_mode=0 classzone=2 order=0 nr_requested=32 nr_scanned=32 nr_skipped=0 nr_taken=32 lru=inactive_file
         kswapd0-32    [001] ....    11.138345: mm_vmscan_lru_shrink_inactive: nid=0 nr_scanned=32 nr_reclaimed=32 nr_dirty=0 nr_writeback=0 nr_congested=0 nr_immediate=0 nr_activate=0 nr_ref_keep=0 nr_unmap_fail=0 priority=7 flags=RECLAIM_WB_FILE|RECLAIM_WB_ASYNC
         kswapd0-32    [001] d...    11.138380: mm_vmscan_lru_isolate: isolate_mode=0 classzone=2 order=0 nr_requested=32 nr_scanned=32 nr_skipped=0 nr_taken=32 lru=inactive_file
         kswapd0-32    [001] ....    11.138775: mm_vmscan_lru_shrink_inactive: nid=0 nr_scanned=32 nr_reclaimed=32 nr_dirty=0 nr_writeback=0 nr_congested=0 nr_immediate=0 nr_activate=0 nr_ref_keep=0 nr_unmap_fail=0 priority=7 flags=RECLAIM_WB_FILE|RECLAIM_WB_ASYNC
         kswapd0-32    [001] d...    11.138808: mm_vmscan_lru_isolate: isolate_mode=0 classzone=2 order=0 nr_requested=32 nr_scanned=32 nr_skipped=0 nr_taken=32 lru=inactive_file
         kswapd0-32    [001] ....    11.139202: mm_vmscan_lru_shrink_inactive: nid=0 nr_scanned=32 nr_reclaimed=32 nr_dirty=0 nr_writeback=0 nr_congested=0 nr_immediate=0 nr_activate=0 nr_ref_keep=0 nr_unmap_fail=0 priority=7 flags=RECLAIM_WB_FILE|RECLAIM_WB_ASYNC
         kswapd0-32    [001] d...    11.139238: mm_vmscan_lru_isolate: isolate_mode=0 classzone=2 order=0 nr_requested=32 nr_scanned=32 nr_skipped=0 nr_taken=32 lru=inactive_file
         kswapd0-32    [001] ....    11.139689: mm_vmscan_lru_shrink_inactive: nid=0 nr_scanned=32 nr_reclaimed=32 nr_dirty=0 nr_writeback=0 nr_congested=0 nr_immediate=0 nr_activate=0 nr_ref_keep=0 nr_unmap_fail=0 priority=7 flags=RECLAIM_WB_FILE|RECLAIM_WB_ASYNC
         kswapd0-32    [001] d...    11.139728: mm_vmscan_lru_isolate: isolate_mode=0 classzone=2 order=0 nr_requested=32 nr_scanned=32 nr_skipped=0 nr_taken=32 lru=inactive_file
         kswapd0-32    [001] ....    11.140478: mm_vmscan_lru_shrink_inactive: nid=0 nr_scanned=32 nr_reclaimed=32 nr_dirty=0 nr_writeback=0 nr_congested=0 nr_immediate=0 nr_activate=0 nr_ref_keep=0 nr_unmap_fail=0 priority=7 flags=RECLAIM_WB_FILE|RECLAIM_WB_ASYNC
         kswapd0-32    [001] d...    11.140549: mm_vmscan_lru_isolate: isolate_mode=0 classzone=2 order=0 nr_requested=15 nr_scanned=15 nr_skipped=0 nr_taken=15 lru=inactive_file
         kswapd0-32    [001] ....    11.140755: mm_vmscan_lru_shrink_inactive: nid=0 nr_scanned=15 nr_reclaimed=15 nr_dirty=0 nr_writeback=0 nr_congested=0 nr_immediate=0 nr_activate=0 nr_ref_keep=0 nr_unmap_fail=0 priority=7 flags=RECLAIM_WB_FILE|RECLAIM_WB_ASYNC
         kswapd0-32    [001] ....    11.140764: mm_vmscan_inactive_list_is_low: nid=0 reclaim_idx=2 total_inactive=614 inactive=614 total_active=404 active=404 ratio=1 flags=RECLAIM_WB_ANON
         kswapd0-32    [001] ....    11.140793: mm_shrink_slab_start: super_cache_scan+0x0/0x2f8 (____ptrval____): nid: 0 objects to shrink 0 gfp_flags GFP_KERNEL cache items 1 delta 0 total_scan 0 priority 7
         kswapd0-32    [001] ....    11.140798: mm_shrink_slab_end: super_cache_scan+0x0/0x2f8 (____ptrval____): nid: 0 unused scan count 0 new scan count 0 total_scan 0 last shrinker return val 0
             cat-189   [000] ....    11.162094: mm_vmscan_wakeup_kswapd: nid=0 zid=2 order=0 gfp_flags=GFP_HIGHUSER_MOVABLE|__GFP_NOWARN|__GFP_NORETRY
             cat-189   [000] ....    11.162368: mm_vmscan_wakeup_kswapd: nid=0 zid=2 order=0 gfp_flags=GFP_HIGHUSER_MOVABLE|__GFP_NOWARN|__GFP_NORETRY
         kswapd0-32    [001] ....    11.162380: mm_vmscan_kswapd_wake: nid=0 zid=2 order=0
         kswapd0-32    [001] ....    11.162405: mm_vmscan_inactive_list_is_low: nid=0 reclaim_idx=2 total_inactive=614 inactive=614 total_active=404 active=404 ratio=1 flags=RECLAIM_WB_ANON
         kswapd0-32    [001] d...    11.162447: mm_vmscan_lru_isolate: isolate_mode=0 classzone=2 order=0 nr_requested=10 nr_scanned=10 nr_skipped=0 nr_taken=10 lru=inactive_file
         kswapd0-32    [001] ....    11.162657: mm_vmscan_lru_shrink_inactive: nid=0 nr_scanned=10 nr_reclaimed=10 nr_dirty=0 nr_writeback=0 nr_congested=0 nr_immediate=0 nr_activate=0 nr_ref_keep=0 nr_unmap_fail=0 priority=12 flags=RECLAIM_WB_FILE|RECLAIM_WB_ASYNC
         kswapd0-32    [001] ....    11.162666: mm_vmscan_inactive_list_is_low: nid=0 reclaim_idx=2 total_inactive=614 inactive=614 total_active=404 active=404 ratio=1 flags=RECLAIM_WB_ANON
         kswapd0-32    [001] ....    11.162702: mm_shrink_slab_start: super_cache_scan+0x0/0x2f8 (____ptrval____): nid: 0 objects to shrink 0 gfp_flags GFP_KERNEL cache items 1 delta 0 total_scan 0 priority 12
         kswapd0-32    [001] ....    11.162708: mm_shrink_slab_end: super_cache_scan+0x0/0x2f8 (____ptrval____): nid: 0 unused scan count 0 new scan count 0 total_scan 0 last shrinker return val 0
         kswapd0-32    [001] ....    11.162722: mm_vmscan_inactive_list_is_low: nid=0 reclaim_idx=2 total_inactive=614 inactive=614 total_active=404 active=404 ratio=1 flags=RECLAIM_WB_ANON
         kswapd0-32    [001] d...    11.162752: mm_vmscan_lru_isolate: isolate_mode=0 classzone=2 order=0 nr_requested=21 nr_scanned=21 nr_skipped=0 nr_taken=21 lru=inactive_file
         kswapd0-32    [001] ....    11.163026: mm_vmscan_lru_shrink_inactive: nid=0 nr_scanned=21 nr_reclaimed=21 nr_dirty=0 nr_writeback=0 nr_congested=0 nr_immediate=0 nr_activate=0 nr_ref_keep=0 nr_unmap_fail=0 priority=11 flags=RECLAIM_WB_FILE|RECLAIM_WB_ASYNC
         kswapd0-32    [001] ....    11.163032: mm_vmscan_inactive_list_is_low: nid=0 reclaim_idx=2 total_inactive=614 inactive=614 total_active=404 active=404 ratio=1 flags=RECLAIM_WB_ANON
         kswapd0-32    [001] ....    11.163049: mm_shrink_slab_start: super_cache_scan+0x0/0x2f8 (____ptrval____): nid: 0 objects to shrink 0 gfp_flags GFP_KERNEL cache items 1 delta 0 total_scan 0 priority 11
         kswapd0-32    [001] ....    11.163053: mm_shrink_slab_end: super_cache_scan+0x0/0x2f8 (____ptrval____): nid: 0 unused scan count 0 new scan count 0 total_scan 0 last shrinker return val 0
         kswapd0-32    [001] ....    11.163060: mm_vmscan_inactive_list_is_low: nid=0 reclaim_idx=2 total_inactive=614 inactive=614 total_active=404 active=404 ratio=1 flags=RECLAIM_WB_ANON
         kswapd0-32    [001] d...    11.163098: mm_vmscan_lru_isolate: isolate_mode=0 classzone=2 order=0 nr_requested=32 nr_scanned=32 nr_skipped=0 nr_taken=32 lru=inactive_file
         kswapd0-32    [001] ....    11.163497: mm_vmscan_lru_shrink_inactive: nid=0 nr_scanned=32 nr_reclaimed=32 nr_dirty=0 nr_writeback=0 nr_congested=0 nr_immediate=0 nr_activate=0 nr_ref_keep=0 nr_unmap_fail=0 priority=10 flags=RECLAIM_WB_FILE|RECLAIM_WB_ASYNC
         kswapd0-32    [001] d...    11.163514: mm_vmscan_lru_isolate: isolate_mode=0 classzone=2 order=0 nr_requested=10 nr_scanned=10 nr_skipped=0 nr_taken=10 lru=inactive_file
         kswapd0-32    [001] ....    11.163657: mm_vmscan_lru_shrink_inactive: nid=0 nr_scanned=10 nr_reclaimed=10 nr_dirty=0 nr_writeback=0 nr_congested=0 nr_immediate=0 nr_activate=0 nr_ref_keep=0 nr_unmap_fail=0 priority=10 flags=RECLAIM_WB_FILE|RECLAIM_WB_ASYNC
         kswapd0-32    [001] ....    11.163663: mm_vmscan_inactive_list_is_low: nid=0 reclaim_idx=2 total_inactive=614 inactive=614 total_active=404 active=404 ratio=1 flags=RECLAIM_WB_ANON
         kswapd0-32    [001] ....    11.163678: mm_shrink_slab_start: super_cache_scan+0x0/0x2f8 (____ptrval____): nid: 0 objects to shrink 0 gfp_flags GFP_KERNEL cache items 1 delta 0 total_scan 0 priority 10
         kswapd0-32    [001] ....    11.163681: mm_shrink_slab_end: super_cache_scan+0x0/0x2f8 (____ptrval____): nid: 0 unused scan count 0 new scan count 0 total_scan 0 last shrinker return val 0
         kswapd0-32    [001] ....    11.163689: mm_vmscan_inactive_list_is_low: nid=0 reclaim_idx=2 total_inactive=614 inactive=614 total_active=404 active=404 ratio=1 flags=RECLAIM_WB_ANON
         kswapd0-32    [001] d...    11.163800: mm_vmscan_lru_isolate: isolate_mode=0 classzone=2 order=0 nr_requested=32 nr_scanned=32 nr_skipped=0 nr_taken=32 lru=inactive_file
         kswapd0-32    [001] ....    11.164514: mm_vmscan_lru_shrink_inactive: nid=0 nr_scanned=32 nr_reclaimed=32 nr_dirty=0 nr_writeback=0 nr_congested=0 nr_immediate=0 nr_activate=0 nr_ref_keep=0 nr_unmap_fail=0 priority=9 flags=RECLAIM_WB_FILE|RECLAIM_WB_ASYNC
         kswapd0-32    [001] d...    11.164565: mm_vmscan_lru_isolate: isolate_mode=0 classzone=2 order=0 nr_requested=32 nr_scanned=32 nr_skipped=0 nr_taken=32 lru=inactive_file
         kswapd0-32    [001] ....    11.164975: mm_vmscan_lru_shrink_inactive: nid=0 nr_scanned=32 nr_reclaimed=32 nr_dirty=0 nr_writeback=0 nr_congested=0 nr_immediate=0 nr_activate=0 nr_ref_keep=0 nr_unmap_fail=0 priority=9 flags=RECLAIM_WB_FILE|RECLAIM_WB_ASYNC
         kswapd0-32    [001] d...    11.164999: mm_vmscan_lru_isolate: isolate_mode=0 classzone=2 order=0 nr_requested=20 nr_scanned=20 nr_skipped=0 nr_taken=20 lru=inactive_file
         kswapd0-32    [001] ....    11.165271: mm_vmscan_lru_shrink_inactive: nid=0 nr_scanned=20 nr_reclaimed=20 nr_dirty=0 nr_writeback=0 nr_congested=0 nr_immediate=0 nr_activate=0 nr_ref_keep=0 nr_unmap_fail=0 priority=9 flags=RECLAIM_WB_FILE|RECLAIM_WB_ASYNC
         kswapd0-32    [001] ....    11.165309: mm_vmscan_inactive_list_is_low: nid=0 reclaim_idx=2 total_inactive=614 inactive=614 total_active=404 active=404 ratio=1 flags=RECLAIM_WB_ANON
         kswapd0-32    [001] ....    11.165362: mm_shrink_slab_start: super_cache_scan+0x0/0x2f8 (____ptrval____): nid: 0 objects to shrink 0 gfp_flags GFP_KERNEL cache items 1 delta 0 total_scan 0 priority 9
         kswapd0-32    [001] ....    11.165376: mm_shrink_slab_end: super_cache_scan+0x0/0x2f8 (____ptrval____): nid: 0 unused scan count 0 new scan count 0 total_scan 0 last shrinker return val 0
         kswapd0-32    [001] ....    11.165391: mm_vmscan_inactive_list_is_low: nid=0 reclaim_idx=2 total_inactive=614 inactive=614 total_active=404 active=404 ratio=1 flags=RECLAIM_WB_ANON
         kswapd0-32    [001] d...    11.165444: mm_vmscan_lru_isolate: isolate_mode=0 classzone=2 order=0 nr_requested=32 nr_scanned=32 nr_skipped=0 nr_taken=32 lru=inactive_file
         kswapd0-32    [001] ....    11.165910: mm_vmscan_lru_shrink_inactive: nid=0 nr_scanned=32 nr_reclaimed=32 nr_dirty=0 nr_writeback=0 nr_congested=0 nr_immediate=0 nr_activate=0 nr_ref_keep=0 nr_unmap_fail=0 priority=8 flags=RECLAIM_WB_FILE|RECLAIM_WB_ASYNC
         kswapd0-32    [001] d...    11.165956: mm_vmscan_lru_isolate: isolate_mode=0 classzone=2 order=0 nr_requested=32 nr_scanned=32 nr_skipped=0 nr_taken=32 lru=inactive_file
         kswapd0-32    [001] ....    11.166408: mm_vmscan_lru_shrink_inactive: nid=0 nr_scanned=32 nr_reclaimed=32 nr_dirty=0 nr_writeback=0 nr_congested=0 nr_immediate=0 nr_activate=0 nr_ref_keep=0 nr_unmap_fail=0 priority=8 flags=RECLAIM_WB_FILE|RECLAIM_WB_ASYNC
         kswapd0-32    [001] d...    11.166445: mm_vmscan_lru_isolate: isolate_mode=0 classzone=2 order=0 nr_requested=32 nr_scanned=32 nr_skipped=0 nr_taken=32 lru=inactive_file
         kswapd0-32    [001] ....    11.166915: mm_vmscan_lru_shrink_inactive: nid=0 nr_scanned=32 nr_reclaimed=32 nr_dirty=0 nr_writeback=0 nr_congested=0 nr_immediate=0 nr_activate=0 nr_ref_keep=0 nr_unmap_fail=0 priority=8 flags=RECLAIM_WB_FILE|RECLAIM_WB_ASYNC
         kswapd0-32    [001] d...    11.166951: mm_vmscan_lru_isolate: isolate_mode=0 classzone=2 order=0 nr_requested=32 nr_scanned=32 nr_skipped=0 nr_taken=32 lru=inactive_file
         kswapd0-32    [001] ....    11.167366: mm_vmscan_lru_shrink_inactive: nid=0 nr_scanned=32 nr_reclaimed=32 nr_dirty=0 nr_writeback=0 nr_congested=0 nr_immediate=0 nr_activate=0 nr_ref_keep=0 nr_unmap_fail=0 priority=8 flags=RECLAIM_WB_FILE|RECLAIM_WB_ASYNC
         kswapd0-32    [001] d...    11.167402: mm_vmscan_lru_isolate: isolate_mode=0 classzone=2 order=0 nr_requested=32 nr_scanned=32 nr_skipped=0 nr_taken=32 lru=inactive_file
         kswapd0-32    [001] ....    11.167829: mm_vmscan_lru_shrink_inactive: nid=0 nr_scanned=32 nr_reclaimed=32 nr_dirty=0 nr_writeback=0 nr_congested=0 nr_immediate=0 nr_activate=0 nr_ref_keep=0 nr_unmap_fail=0 priority=8 flags=RECLAIM_WB_FILE|RECLAIM_WB_ASYNC
         kswapd0-32    [001] d...    11.167846: mm_vmscan_lru_isolate: isolate_mode=0 classzone=2 order=0 nr_requested=9 nr_scanned=9 nr_skipped=0 nr_taken=9 lru=inactive_file
         kswapd0-32    [001] ....    11.167969: mm_vmscan_lru_shrink_inactive: nid=0 nr_scanned=9 nr_reclaimed=9 nr_dirty=0 nr_writeback=0 nr_congested=0 nr_immediate=0 nr_activate=0 nr_ref_keep=0 nr_unmap_fail=0 priority=8 flags=RECLAIM_WB_FILE|RECLAIM_WB_ASYNC
         kswapd0-32    [001] ....    11.167975: mm_vmscan_inactive_list_is_low: nid=0 reclaim_idx=2 total_inactive=614 inactive=614 total_active=404 active=404 ratio=1 flags=RECLAIM_WB_ANON
         kswapd0-32    [001] ....    11.167994: mm_shrink_slab_start: super_cache_scan+0x0/0x2f8 (____ptrval____): nid: 0 objects to shrink 0 gfp_flags GFP_KERNEL cache items 1 delta 0 total_scan 0 priority 8
         kswapd0-32    [001] ....    11.167998: mm_shrink_slab_end: super_cache_scan+0x0/0x2f8 (____ptrval____): nid: 0 unused scan count 0 new scan count 0 total_scan 0 last shrinker return val 0
             cat-189   [000] ....    11.173597: mm_vmscan_wakeup_kswapd: nid=0 zid=2 order=0 gfp_flags=GFP_HIGHUSER_MOVABLE|__GFP_NOWARN|__GFP_NORETRY
             cat-189   [000] ....    11.173896: mm_vmscan_wakeup_kswapd: nid=0 zid=2 order=0 gfp_flags=GFP_HIGHUSER_MOVABLE|__GFP_NOWARN|__GFP_NORETRY
         kswapd0-32    [001] ....    11.173907: mm_vmscan_kswapd_wake: nid=0 zid=2 order=0
         kswapd0-32    [001] ....    11.173930: mm_vmscan_inactive_list_is_low: nid=0 reclaim_idx=2 total_inactive=614 inactive=614 total_active=404 active=404 ratio=1 flags=RECLAIM_WB_ANON
         kswapd0-32    [001] d...    11.173965: mm_vmscan_lru_isolate: isolate_mode=0 classzone=2 order=0 nr_requested=10 nr_scanned=10 nr_skipped=0 nr_taken=10 lru=inactive_file
         kswapd0-32    [001] ....    11.174148: mm_vmscan_lru_shrink_inactive: nid=0 nr_scanned=10 nr_reclaimed=10 nr_dirty=0 nr_writeback=0 nr_congested=0 nr_immediate=0 nr_activate=0 nr_ref_keep=0 nr_unmap_fail=0 priority=12 flags=RECLAIM_WB_FILE|RECLAIM_WB_ASYNC
         kswapd0-32    [001] ....    11.174156: mm_vmscan_inactive_list_is_low: nid=0 reclaim_idx=2 total_inactive=614 inactive=614 total_active=404 active=404 ratio=1 flags=RECLAIM_WB_ANON
         kswapd0-32    [001] ....    11.174190: mm_shrink_slab_start: super_cache_scan+0x0/0x2f8 (____ptrval____): nid: 0 objects to shrink 0 gfp_flags GFP_KERNEL cache items 1 delta 0 total_scan 0 priority 12
         kswapd0-32    [001] ....    11.174195: mm_shrink_slab_end: super_cache_scan+0x0/0x2f8 (____ptrval____): nid: 0 unused scan count 0 new scan count 0 total_scan 0 last shrinker return val 0
         kswapd0-32    [001] ....    11.174208: mm_vmscan_inactive_list_is_low: nid=0 reclaim_idx=2 total_inactive=614 inactive=614 total_active=404 active=404 ratio=1 flags=RECLAIM_WB_ANON
         kswapd0-32    [001] d...    11.174237: mm_vmscan_lru_isolate: isolate_mode=0 classzone=2 order=0 nr_requested=21 nr_scanned=21 nr_skipped=0 nr_taken=21 lru=inactive_file
         kswapd0-32    [001] ....    11.174514: mm_vmscan_lru_shrink_inactive: nid=0 nr_scanned=21 nr_reclaimed=21 nr_dirty=0 nr_writeback=0 nr_congested=0 nr_immediate=0 nr_activate=0 nr_ref_keep=0 nr_unmap_fail=0 priority=11 flags=RECLAIM_WB_FILE|RECLAIM_WB_ASYNC
         kswapd0-32    [001] ....    11.174546: mm_vmscan_inactive_list_is_low: nid=0 reclaim_idx=2 total_inactive=614 inactive=614 total_active=404 active=404 ratio=1 flags=RECLAIM_WB_ANON
         kswapd0-32    [001] ....    11.174587: mm_shrink_slab_start: super_cache_scan+0x0/0x2f8 (____ptrval____): nid: 0 objects to shrink 0 gfp_flags GFP_KERNEL cache items 1 delta 0 total_scan 0 priority 11
         kswapd0-32    [001] ....    11.174592: mm_shrink_slab_end: super_cache_scan+0x0/0x2f8 (____ptrval____): nid: 0 unused scan count 0 new scan count 0 total_scan 0 last shrinker return val 0
         kswapd0-32    [001] ....    11.174605: mm_vmscan_inactive_list_is_low: nid=0 reclaim_idx=2 total_inactive=614 inactive=614 total_active=404 active=404 ratio=1 flags=RECLAIM_WB_ANON
         kswapd0-32    [001] d...    11.174653: mm_vmscan_lru_isolate: isolate_mode=0 classzone=2 order=0 nr_requested=32 nr_scanned=32 nr_skipped=0 nr_taken=32 lru=inactive_file
         kswapd0-32    [001] ....    11.175117: mm_vmscan_lru_shrink_inactive: nid=0 nr_scanned=32 nr_reclaimed=32 nr_dirty=0 nr_writeback=0 nr_congested=0 nr_immediate=0 nr_activate=0 nr_ref_keep=0 nr_unmap_fail=0 priority=10 flags=RECLAIM_WB_FILE|RECLAIM_WB_ASYNC
         kswapd0-32    [001] d...    11.175135: mm_vmscan_lru_isolate: isolate_mode=0 classzone=2 order=0 nr_requested=10 nr_scanned=10 nr_skipped=0 nr_taken=10 lru=inactive_file
         kswapd0-32    [001] ....    11.175265: mm_vmscan_lru_shrink_inactive: nid=0 nr_scanned=10 nr_reclaimed=10 nr_dirty=0 nr_writeback=0 nr_congested=0 nr_immediate=0 nr_activate=0 nr_ref_keep=0 nr_unmap_fail=0 priority=10 flags=RECLAIM_WB_FILE|RECLAIM_WB_ASYNC
         kswapd0-32    [001] ....    11.175271: mm_vmscan_inactive_list_is_low: nid=0 reclaim_idx=2 total_inactive=614 inactive=614 total_active=404 active=404 ratio=1 flags=RECLAIM_WB_ANON
         kswapd0-32    [001] ....    11.175287: mm_shrink_slab_start: super_cache_scan+0x0/0x2f8 (____ptrval____): nid: 0 objects to shrink 0 gfp_flags GFP_KERNEL cache items 1 delta 0 total_scan 0 priority 10
         kswapd0-32    [001] ....    11.175290: mm_shrink_slab_end: super_cache_scan+0x0/0x2f8 (____ptrval____): nid: 0 unused scan count 0 new scan count 0 total_scan 0 last shrinker return val 0
         kswapd0-32    [001] ....    11.175308: mm_vmscan_inactive_list_is_low: nid=0 reclaim_idx=2 total_inactive=614 inactive=614 total_active=404 active=404 ratio=1 flags=RECLAIM_WB_ANON
         kswapd0-32    [001] d...    11.175347: mm_vmscan_lru_isolate: isolate_mode=0 classzone=2 order=0 nr_requested=32 nr_scanned=32 nr_skipped=0 nr_taken=32 lru=inactive_file
         kswapd0-32    [001] ....    11.175772: mm_vmscan_lru_shrink_inactive: nid=0 nr_scanned=32 nr_reclaimed=32 nr_dirty=0 nr_writeback=0 nr_congested=0 nr_immediate=0 nr_activate=0 nr_ref_keep=0 nr_unmap_fail=0 priority=9 flags=RECLAIM_WB_FILE|RECLAIM_WB_ASYNC
         kswapd0-32    [001] d...    11.175809: mm_vmscan_lru_isolate: isolate_mode=0 classzone=2 order=0 nr_requested=32 nr_scanned=32 nr_skipped=0 nr_taken=32 lru=inactive_file
         kswapd0-32    [001] ....    11.176425: mm_vmscan_lru_shrink_inactive: nid=0 nr_scanned=32 nr_reclaimed=32 nr_dirty=0 nr_writeback=0 nr_congested=0 nr_immediate=0 nr_activate=0 nr_ref_keep=0 nr_unmap_fail=0 priority=9 flags=RECLAIM_WB_FILE|RECLAIM_WB_ASYNC
         kswapd0-32    [001] d...    11.176478: mm_vmscan_lru_isolate: isolate_mode=0 classzone=2 order=0 nr_requested=20 nr_scanned=20 nr_skipped=0 nr_taken=20 lru=inactive_file
         kswapd0-32    [001] ....    11.176797: mm_vmscan_lru_shrink_inactive: nid=0 nr_scanned=20 nr_reclaimed=20 nr_dirty=0 nr_writeback=0 nr_congested=0 nr_immediate=0 nr_activate=0 nr_ref_keep=0 nr_unmap_fail=0 priority=9 flags=RECLAIM_WB_FILE|RECLAIM_WB_ASYNC
         kswapd0-32    [001] ....    11.176807: mm_vmscan_inactive_list_is_low: nid=0 reclaim_idx=2 total_inactive=614 inactive=614 total_active=404 active=404 ratio=1 flags=RECLAIM_WB_ANON
         kswapd0-32    [001] ....    11.176826: mm_shrink_slab_start: super_cache_scan+0x0/0x2f8 (____ptrval____): nid: 0 objects to shrink 0 gfp_flags GFP_KERNEL cache items 1 delta 0 total_scan 0 priority 9
         kswapd0-32    [001] ....    11.176830: mm_shrink_slab_end: super_cache_scan+0x0/0x2f8 (____ptrval____): nid: 0 unused scan count 0 new scan count 0 total_scan 0 last shrinker return val 0
         kswapd0-32    [001] ....    11.176840: mm_vmscan_inactive_list_is_low: nid=0 reclaim_idx=2 total_inactive=614 inactive=614 total_active=404 active=404 ratio=1 flags=RECLAIM_WB_ANON
         kswapd0-32    [001] d...    11.176885: mm_vmscan_lru_isolate: isolate_mode=0 classzone=2 order=0 nr_requested=32 nr_scanned=32 nr_skipped=0 nr_taken=32 lru=inactive_file
         kswapd0-32    [001] ....    11.177313: mm_vmscan_lru_shrink_inactive: nid=0 nr_scanned=32 nr_reclaimed=32 nr_dirty=0 nr_writeback=0 nr_congested=0 nr_immediate=0 nr_activate=0 nr_ref_keep=0 nr_unmap_fail=0 priority=8 flags=RECLAIM_WB_FILE|RECLAIM_WB_ASYNC
         kswapd0-32    [001] d...    11.177351: mm_vmscan_lru_isolate: isolate_mode=0 classzone=2 order=0 nr_requested=32 nr_scanned=32 nr_skipped=0 nr_taken=32 lru=inactive_file
         kswapd0-32    [001] ....    11.177895: mm_vmscan_lru_shrink_inactive: nid=0 nr_scanned=32 nr_reclaimed=32 nr_dirty=0 nr_writeback=0 nr_congested=0 nr_immediate=0 nr_activate=0 nr_ref_keep=0 nr_unmap_fail=0 priority=8 flags=RECLAIM_WB_FILE|RECLAIM_WB_ASYNC
         kswapd0-32    [001] d...    11.177937: mm_vmscan_lru_isolate: isolate_mode=0 classzone=2 order=0 nr_requested=32 nr_scanned=32 nr_skipped=0 nr_taken=32 lru=inactive_file
         kswapd0-32    [001] ....    11.178581: mm_vmscan_lru_shrink_inactive: nid=0 nr_scanned=32 nr_reclaimed=32 nr_dirty=0 nr_writeback=0 nr_congested=0 nr_immediate=0 nr_activate=0 nr_ref_keep=0 nr_unmap_fail=0 priority=8 flags=RECLAIM_WB_FILE|RECLAIM_WB_ASYNC
         kswapd0-32    [001] d...    11.178637: mm_vmscan_lru_isolate: isolate_mode=0 classzone=2 order=0 nr_requested=32 nr_scanned=32 nr_skipped=0 nr_taken=32 lru=inactive_file
         kswapd0-32    [001] ....    11.179075: mm_vmscan_lru_shrink_inactive: nid=0 nr_scanned=32 nr_reclaimed=32 nr_dirty=0 nr_writeback=0 nr_congested=0 nr_immediate=0 nr_activate=0 nr_ref_keep=0 nr_unmap_fail=0 priority=8 flags=RECLAIM_WB_FILE|RECLAIM_WB_ASYNC
         kswapd0-32    [001] d...    11.179115: mm_vmscan_lru_isolate: isolate_mode=0 classzone=2 order=0 nr_requested=32 nr_scanned=32 nr_skipped=0 nr_taken=32 lru=inactive_file
         kswapd0-32    [001] ....    11.179630: mm_vmscan_lru_shrink_inactive: nid=0 nr_scanned=32 nr_reclaimed=32 nr_dirty=0 nr_writeback=0 nr_congested=0 nr_immediate=0 nr_activate=0 nr_ref_keep=0 nr_unmap_fail=0 priority=8 flags=RECLAIM_WB_FILE|RECLAIM_WB_ASYNC
         kswapd0-32    [001] d...    11.179718: mm_vmscan_lru_isolate: isolate_mode=0 classzone=2 order=0 nr_requested=9 nr_scanned=9 nr_skipped=0 nr_taken=9 lru=inactive_file
         kswapd0-32    [001] ....    11.179898: mm_vmscan_lru_shrink_inactive: nid=0 nr_scanned=9 nr_reclaimed=9 nr_dirty=0 nr_writeback=0 nr_congested=0 nr_immediate=0 nr_activate=0 nr_ref_keep=0 nr_unmap_fail=0 priority=8 flags=RECLAIM_WB_FILE|RECLAIM_WB_ASYNC
         kswapd0-32    [001] ....    11.179909: mm_vmscan_inactive_list_is_low: nid=0 reclaim_idx=2 total_inactive=614 inactive=614 total_active=404 active=404 ratio=1 flags=RECLAIM_WB_ANON
         kswapd0-32    [001] ....    11.179945: mm_shrink_slab_start: super_cache_scan+0x0/0x2f8 (____ptrval____): nid: 0 objects to shrink 0 gfp_flags GFP_KERNEL cache items 1 delta 0 total_scan 0 priority 8
         kswapd0-32    [001] ....    11.179964: mm_shrink_slab_end: super_cache_scan+0x0/0x2f8 (____ptrval____): nid: 0 unused scan count 0 new scan count 0 total_scan 0 last shrinker return val 0
         kswapd0-32    [001] ....    11.179984: mm_vmscan_inactive_list_is_low: nid=0 reclaim_idx=2 total_inactive=614 inactive=614 total_active=404 active=404 ratio=1 flags=RECLAIM_WB_ANON
         kswapd0-32    [001] d...    11.180068: mm_vmscan_lru_isolate: isolate_mode=0 classzone=2 order=0 nr_requested=32 nr_scanned=32 nr_skipped=0 nr_taken=32 lru=inactive_file
         kswapd0-32    [001] ....    11.180913: mm_vmscan_lru_shrink_inactive: nid=0 nr_scanned=32 nr_reclaimed=32 nr_dirty=0 nr_writeback=0 nr_congested=0 nr_immediate=0 nr_activate=0 nr_ref_keep=0 nr_unmap_fail=0 priority=7 flags=RECLAIM_WB_FILE|RECLAIM_WB_ASYNC
         kswapd0-32    [001] d...    11.180960: mm_vmscan_lru_isolate: isolate_mode=0 classzone=2 order=0 nr_requested=32 nr_scanned=32 nr_skipped=0 nr_taken=32 lru=inactive_file
         kswapd0-32    [001] ....    11.181402: mm_vmscan_lru_shrink_inactive: nid=0 nr_scanned=32 nr_reclaimed=32 nr_dirty=0 nr_writeback=0 nr_congested=0 nr_immediate=0 nr_activate=0 nr_ref_keep=0 nr_unmap_fail=0 priority=7 flags=RECLAIM_WB_FILE|RECLAIM_WB_ASYNC
         kswapd0-32    [001] d...    11.181444: mm_vmscan_lru_isolate: isolate_mode=0 classzone=2 order=0 nr_requested=32 nr_scanned=32 nr_skipped=0 nr_taken=32 lru=inactive_file
         kswapd0-32    [001] ....    11.181889: mm_vmscan_lru_shrink_inactive: nid=0 nr_scanned=32 nr_reclaimed=32 nr_dirty=0 nr_writeback=0 nr_congested=0 nr_immediate=0 nr_activate=0 nr_ref_keep=0 nr_unmap_fail=0 priority=7 flags=RECLAIM_WB_FILE|RECLAIM_WB_ASYNC
         kswapd0-32    [001] d...    11.181928: mm_vmscan_lru_isolate: isolate_mode=0 classzone=2 order=0 nr_requested=32 nr_scanned=32 nr_skipped=0 nr_taken=32 lru=inactive_file
         kswapd0-32    [001] ....    11.182345: mm_vmscan_lru_shrink_inactive: nid=0 nr_scanned=32 nr_reclaimed=32 nr_dirty=0 nr_writeback=0 nr_congested=0 nr_immediate=0 nr_activate=0 nr_ref_keep=0 nr_unmap_fail=0 priority=7 flags=RECLAIM_WB_FILE|RECLAIM_WB_ASYNC
         kswapd0-32    [001] d...    11.182380: mm_vmscan_lru_isolate: isolate_mode=0 classzone=2 order=0 nr_requested=32 nr_scanned=32 nr_skipped=0 nr_taken=32 lru=inactive_file
         kswapd0-32    [001] ....    11.182767: mm_vmscan_lru_shrink_inactive: nid=0 nr_scanned=32 nr_reclaimed=32 nr_dirty=0 nr_writeback=0 nr_congested=0 nr_immediate=0 nr_activate=0 nr_ref_keep=0 nr_unmap_fail=0 priority=7 flags=RECLAIM_WB_FILE|RECLAIM_WB_ASYNC
         kswapd0-32    [001] d...    11.182802: mm_vmscan_lru_isolate: isolate_mode=0 classzone=2 order=0 nr_requested=32 nr_scanned=32 nr_skipped=0 nr_taken=32 lru=inactive_file
         kswapd0-32    [001] ....    11.183263: mm_vmscan_lru_shrink_inactive: nid=0 nr_scanned=32 nr_reclaimed=32 nr_dirty=0 nr_writeback=0 nr_congested=0 nr_immediate=0 nr_activate=0 nr_ref_keep=0 nr_unmap_fail=0 priority=7 flags=RECLAIM_WB_FILE|RECLAIM_WB_ASYNC
         kswapd0-32    [001] d...    11.183299: mm_vmscan_lru_isolate: isolate_mode=0 classzone=2 order=0 nr_requested=32 nr_scanned=32 nr_skipped=0 nr_taken=32 lru=inactive_file
         kswapd0-32    [001] ....    11.183720: mm_vmscan_lru_shrink_inactive: nid=0 nr_scanned=32 nr_reclaimed=32 nr_dirty=0 nr_writeback=0 nr_congested=0 nr_immediate=0 nr_activate=0 nr_ref_keep=0 nr_unmap_fail=0 priority=7 flags=RECLAIM_WB_FILE|RECLAIM_WB_ASYNC
         kswapd0-32    [001] d...    11.183765: mm_vmscan_lru_isolate: isolate_mode=0 classzone=2 order=0 nr_requested=32 nr_scanned=32 nr_skipped=0 nr_taken=32 lru=inactive_file
         kswapd0-32    [001] ....    11.184330: mm_vmscan_lru_shrink_inactive: nid=0 nr_scanned=32 nr_reclaimed=32 nr_dirty=0 nr_writeback=0 nr_congested=0 nr_immediate=0 nr_activate=0 nr_ref_keep=0 nr_unmap_fail=0 priority=7 flags=RECLAIM_WB_FILE|RECLAIM_WB_ASYNC
         kswapd0-32    [001] d...    11.184369: mm_vmscan_lru_isolate: isolate_mode=0 classzone=2 order=0 nr_requested=32 nr_scanned=32 nr_skipped=0 nr_taken=32 lru=inactive_file
         kswapd0-32    [001] ....    11.184767: mm_vmscan_lru_shrink_inactive: nid=0 nr_scanned=32 nr_reclaimed=32 nr_dirty=0 nr_writeback=0 nr_congested=0 nr_immediate=0 nr_activate=0 nr_ref_keep=0 nr_unmap_fail=0 priority=7 flags=RECLAIM_WB_FILE|RECLAIM_WB_ASYNC
         kswapd0-32    [001] d...    11.184800: mm_vmscan_lru_isolate: isolate_mode=0 classzone=2 order=0 nr_requested=32 nr_scanned=32 nr_skipped=0 nr_taken=32 lru=inactive_file
         kswapd0-32    [001] ....    11.185195: mm_vmscan_lru_shrink_inactive: nid=0 nr_scanned=32 nr_reclaimed=32 nr_dirty=0 nr_writeback=0 nr_congested=0 nr_immediate=0 nr_activate=0 nr_ref_keep=0 nr_unmap_fail=0 priority=7 flags=RECLAIM_WB_FILE|RECLAIM_WB_ASYNC
         kswapd0-32    [001] d...    11.185219: mm_vmscan_lru_isolate: isolate_mode=0 classzone=2 order=0 nr_requested=18 nr_scanned=18 nr_skipped=0 nr_taken=18 lru=inactive_file
         kswapd0-32    [001] ....    11.185457: mm_vmscan_lru_shrink_inactive: nid=0 nr_scanned=18 nr_reclaimed=18 nr_dirty=0 nr_writeback=0 nr_congested=0 nr_immediate=0 nr_activate=0 nr_ref_keep=0 nr_unmap_fail=0 priority=7 flags=RECLAIM_WB_FILE|RECLAIM_WB_ASYNC
         kswapd0-32    [001] ....    11.185469: mm_vmscan_inactive_list_is_low: nid=0 reclaim_idx=2 total_inactive=614 inactive=614 total_active=404 active=404 ratio=1 flags=RECLAIM_WB_ANON
         kswapd0-32    [001] ....    11.185505: mm_shrink_slab_start: super_cache_scan+0x0/0x2f8 (____ptrval____): nid: 0 objects to shrink 0 gfp_flags GFP_KERNEL cache items 1 delta 0 total_scan 0 priority 7
         kswapd0-32    [001] ....    11.185511: mm_shrink_slab_end: super_cache_scan+0x0/0x2f8 (____ptrval____): nid: 0 unused scan count 0 new scan count 0 total_scan 0 last shrinker return val 0
             cat-189   [000] ....    11.194230: mm_vmscan_wakeup_kswapd: nid=0 zid=2 order=0 gfp_flags=GFP_HIGHUSER_MOVABLE|__GFP_NOWARN|__GFP_NORETRY
         kswapd0-32    [001] ....    11.194556: mm_vmscan_kswapd_wake: nid=0 zid=2 order=0
         kswapd0-32    [001] ....    11.194579: mm_vmscan_inactive_list_is_low: nid=0 reclaim_idx=2 total_inactive=614 inactive=614 total_active=404 active=404 ratio=1 flags=RECLAIM_WB_ANON
         kswapd0-32    [001] d...    11.194622: mm_vmscan_lru_isolate: isolate_mode=0 classzone=2 order=0 nr_requested=10 nr_scanned=10 nr_skipped=0 nr_taken=10 lru=inactive_file
         kswapd0-32    [001] ....    11.194848: mm_vmscan_lru_shrink_inactive: nid=0 nr_scanned=10 nr_reclaimed=10 nr_dirty=0 nr_writeback=0 nr_congested=0 nr_immediate=0 nr_activate=0 nr_ref_keep=0 nr_unmap_fail=0 priority=12 flags=RECLAIM_WB_FILE|RECLAIM_WB_ASYNC
         kswapd0-32    [001] ....    11.194861: mm_vmscan_inactive_list_is_low: nid=0 reclaim_idx=2 total_inactive=614 inactive=614 total_active=404 active=404 ratio=1 flags=RECLAIM_WB_ANON
         kswapd0-32    [001] ....    11.194909: mm_shrink_slab_start: super_cache_scan+0x0/0x2f8 (____ptrval____): nid: 0 objects to shrink 0 gfp_flags GFP_KERNEL cache items 1 delta 0 total_scan 0 priority 12
         kswapd0-32    [001] ....    11.194917: mm_shrink_slab_end: super_cache_scan+0x0/0x2f8 (____ptrval____): nid: 0 unused scan count 0 new scan count 0 total_scan 0 last shrinker return val 0
         kswapd0-32    [001] ....    11.194940: mm_vmscan_inactive_list_is_low: nid=0 reclaim_idx=2 total_inactive=614 inactive=614 total_active=404 active=404 ratio=1 flags=RECLAIM_WB_ANON
         kswapd0-32    [001] d...    11.195020: mm_vmscan_lru_isolate: isolate_mode=0 classzone=2 order=0 nr_requested=21 nr_scanned=21 nr_skipped=0 nr_taken=21 lru=inactive_file
         kswapd0-32    [001] ....    11.195340: mm_vmscan_lru_shrink_inactive: nid=0 nr_scanned=21 nr_reclaimed=21 nr_dirty=0 nr_writeback=0 nr_congested=0 nr_immediate=0 nr_activate=0 nr_ref_keep=0 nr_unmap_fail=0 priority=11 flags=RECLAIM_WB_FILE|RECLAIM_WB_ASYNC
         kswapd0-32    [001] ....    11.195351: mm_vmscan_inactive_list_is_low: nid=0 reclaim_idx=2 total_inactive=614 inactive=614 total_active=404 active=404 ratio=1 flags=RECLAIM_WB_ANON
         kswapd0-32    [001] ....    11.195376: mm_shrink_slab_start: super_cache_scan+0x0/0x2f8 (____ptrval____): nid: 0 objects to shrink 0 gfp_flags GFP_KERNEL cache items 1 delta 0 total_scan 0 priority 11
         kswapd0-32    [001] ....    11.195380: mm_shrink_slab_end: super_cache_scan+0x0/0x2f8 (____ptrval____): nid: 0 unused scan count 0 new scan count 0 total_scan 0 last shrinker return val 0
         kswapd0-32    [001] ....    11.195392: mm_vmscan_inactive_list_is_low: nid=0 reclaim_idx=2 total_inactive=614 inactive=614 total_active=404 active=404 ratio=1 flags=RECLAIM_WB_ANON
         kswapd0-32    [001] d...    11.195434: mm_vmscan_lru_isolate: isolate_mode=0 classzone=2 order=0 nr_requested=32 nr_scanned=32 nr_skipped=0 nr_taken=32 lru=inactive_file
         kswapd0-32    [001] ....    11.195832: mm_vmscan_lru_shrink_inactive: nid=0 nr_scanned=32 nr_reclaimed=32 nr_dirty=0 nr_writeback=0 nr_congested=0 nr_immediate=0 nr_activate=0 nr_ref_keep=0 nr_unmap_fail=0 priority=10 flags=RECLAIM_WB_FILE|RECLAIM_WB_ASYNC
         kswapd0-32    [001] d...    11.195848: mm_vmscan_lru_isolate: isolate_mode=0 classzone=2 order=0 nr_requested=10 nr_scanned=10 nr_skipped=0 nr_taken=10 lru=inactive_file
         kswapd0-32    [001] ....    11.195989: mm_vmscan_lru_shrink_inactive: nid=0 nr_scanned=10 nr_reclaimed=10 nr_dirty=0 nr_writeback=0 nr_congested=0 nr_immediate=0 nr_activate=0 nr_ref_keep=0 nr_unmap_fail=0 priority=10 flags=RECLAIM_WB_FILE|RECLAIM_WB_ASYNC
         kswapd0-32    [001] ....    11.195996: mm_vmscan_inactive_list_is_low: nid=0 reclaim_idx=2 total_inactive=614 inactive=614 total_active=404 active=404 ratio=1 flags=RECLAIM_WB_ANON
         kswapd0-32    [001] ....    11.196011: mm_shrink_slab_start: super_cache_scan+0x0/0x2f8 (____ptrval____): nid: 0 objects to shrink 0 gfp_flags GFP_KERNEL cache items 1 delta 0 total_scan 0 priority 10
         kswapd0-32    [001] ....    11.196015: mm_shrink_slab_end: super_cache_scan+0x0/0x2f8 (____ptrval____): nid: 0 unused scan count 0 new scan count 0 total_scan 0 last shrinker return val 0
         kswapd0-32    [001] ....    11.196121: mm_vmscan_inactive_list_is_low: nid=0 reclaim_idx=2 total_inactive=614 inactive=614 total_active=404 active=404 ratio=1 flags=RECLAIM_WB_ANON
         kswapd0-32    [001] d...    11.196369: mm_vmscan_lru_isolate: isolate_mode=0 classzone=2 order=0 nr_requested=32 nr_scanned=32 nr_skipped=0 nr_taken=32 lru=inactive_file
         kswapd0-32    [001] ....    11.196789: mm_vmscan_lru_shrink_inactive: nid=0 nr_scanned=32 nr_reclaimed=32 nr_dirty=0 nr_writeback=0 nr_congested=0 nr_immediate=0 nr_activate=0 nr_ref_keep=0 nr_unmap_fail=0 priority=9 flags=RECLAIM_WB_FILE|RECLAIM_WB_ASYNC
         kswapd0-32    [001] d...    11.196825: mm_vmscan_lru_isolate: isolate_mode=0 classzone=2 order=0 nr_requested=32 nr_scanned=32 nr_skipped=0 nr_taken=32 lru=inactive_file
         kswapd0-32    [001] ....    11.197263: mm_vmscan_lru_shrink_inactive: nid=0 nr_scanned=32 nr_reclaimed=32 nr_dirty=0 nr_writeback=0 nr_congested=0 nr_immediate=0 nr_activate=0 nr_ref_keep=0 nr_unmap_fail=0 priority=9 flags=RECLAIM_WB_FILE|RECLAIM_WB_ASYNC
         kswapd0-32    [001] d...    11.197287: mm_vmscan_lru_isolate: isolate_mode=0 classzone=2 order=0 nr_requested=20 nr_scanned=20 nr_skipped=0 nr_taken=20 lru=inactive_file
         kswapd0-32    [001] ....    11.197536: mm_vmscan_lru_shrink_inactive: nid=0 nr_scanned=20 nr_reclaimed=20 nr_dirty=0 nr_writeback=0 nr_congested=0 nr_immediate=0 nr_activate=0 nr_ref_keep=0 nr_unmap_fail=0 priority=9 flags=RECLAIM_WB_FILE|RECLAIM_WB_ASYNC
         kswapd0-32    [001] ....    11.197542: mm_vmscan_inactive_list_is_low: nid=0 reclaim_idx=2 total_inactive=614 inactive=614 total_active=404 active=404 ratio=1 flags=RECLAIM_WB_ANON
         kswapd0-32    [001] ....    11.197568: mm_shrink_slab_start: super_cache_scan+0x0/0x2f8 (____ptrval____): nid: 0 objects to shrink 0 gfp_flags GFP_KERNEL cache items 1 delta 0 total_scan 0 priority 9
         kswapd0-32    [001] ....    11.197573: mm_shrink_slab_end: super_cache_scan+0x0/0x2f8 (____ptrval____): nid: 0 unused scan count 0 new scan count 0 total_scan 0 last shrinker return val 0
         kswapd0-32    [001] ....    11.197583: mm_vmscan_inactive_list_is_low: nid=0 reclaim_idx=2 total_inactive=614 inactive=614 total_active=404 active=404 ratio=1 flags=RECLAIM_WB_ANON
         kswapd0-32    [001] d...    11.197621: mm_vmscan_lru_isolate: isolate_mode=0 classzone=2 order=0 nr_requested=32 nr_scanned=32 nr_skipped=0 nr_taken=32 lru=inactive_file
         kswapd0-32    [001] ....    11.198060: mm_vmscan_lru_shrink_inactive: nid=0 nr_scanned=32 nr_reclaimed=32 nr_dirty=0 nr_writeback=0 nr_congested=0 nr_immediate=0 nr_activate=0 nr_ref_keep=0 nr_unmap_fail=0 priority=8 flags=RECLAIM_WB_FILE|RECLAIM_WB_ASYNC
         kswapd0-32    [001] d...    11.198107: mm_vmscan_lru_isolate: isolate_mode=0 classzone=2 order=0 nr_requested=32 nr_scanned=32 nr_skipped=0 nr_taken=32 lru=inactive_file
         kswapd0-32    [001] ....    11.198512: mm_vmscan_lru_shrink_inactive: nid=0 nr_scanned=32 nr_reclaimed=32 nr_dirty=0 nr_writeback=0 nr_congested=0 nr_immediate=0 nr_activate=0 nr_ref_keep=0 nr_unmap_fail=0 priority=8 flags=RECLAIM_WB_FILE|RECLAIM_WB_ASYNC
         kswapd0-32    [001] d...    11.198548: mm_vmscan_lru_isolate: isolate_mode=0 classzone=2 order=0 nr_requested=32 nr_scanned=32 nr_skipped=0 nr_taken=32 lru=inactive_file
         kswapd0-32    [001] ....    11.198942: mm_vmscan_lru_shrink_inactive: nid=0 nr_scanned=32 nr_reclaimed=32 nr_dirty=0 nr_writeback=0 nr_congested=0 nr_immediate=0 nr_activate=0 nr_ref_keep=0 nr_unmap_fail=0 priority=8 flags=RECLAIM_WB_FILE|RECLAIM_WB_ASYNC
         kswapd0-32    [001] d...    11.198976: mm_vmscan_lru_isolate: isolate_mode=0 classzone=2 order=0 nr_requested=32 nr_scanned=32 nr_skipped=0 nr_taken=32 lru=inactive_file
         kswapd0-32    [001] ....    11.199369: mm_vmscan_lru_shrink_inactive: nid=0 nr_scanned=32 nr_reclaimed=32 nr_dirty=0 nr_writeback=0 nr_congested=0 nr_immediate=0 nr_activate=0 nr_ref_keep=0 nr_unmap_fail=0 priority=8 flags=RECLAIM_WB_FILE|RECLAIM_WB_ASYNC
         kswapd0-32    [001] d...    11.199401: mm_vmscan_lru_isolate: isolate_mode=0 classzone=2 order=0 nr_requested=32 nr_scanned=32 nr_skipped=0 nr_taken=32 lru=inactive_file
         kswapd0-32    [001] ....    11.199794: mm_vmscan_lru_shrink_inactive: nid=0 nr_scanned=32 nr_reclaimed=32 nr_dirty=0 nr_writeback=0 nr_congested=0 nr_immediate=0 nr_activate=0 nr_ref_keep=0 nr_unmap_fail=0 priority=8 flags=RECLAIM_WB_FILE|RECLAIM_WB_ASYNC
         kswapd0-32    [001] d...    11.199810: mm_vmscan_lru_isolate: isolate_mode=0 classzone=2 order=0 nr_requested=9 nr_scanned=9 nr_skipped=0 nr_taken=9 lru=inactive_file
         kswapd0-32    [001] ....    11.199939: mm_vmscan_lru_shrink_inactive: nid=0 nr_scanned=9 nr_reclaimed=9 nr_dirty=0 nr_writeback=0 nr_congested=0 nr_immediate=0 nr_activate=0 nr_ref_keep=0 nr_unmap_fail=0 priority=8 flags=RECLAIM_WB_FILE|RECLAIM_WB_ASYNC
         kswapd0-32    [001] ....    11.199945: mm_vmscan_inactive_list_is_low: nid=0 reclaim_idx=2 total_inactive=614 inactive=614 total_active=404 active=404 ratio=1 flags=RECLAIM_WB_ANON
         kswapd0-32    [001] ....    11.199980: mm_shrink_slab_start: super_cache_scan+0x0/0x2f8 (____ptrval____): nid: 0 objects to shrink 0 gfp_flags GFP_KERNEL cache items 1 delta 0 total_scan 0 priority 8
         kswapd0-32    [001] ....    11.199985: mm_shrink_slab_end: super_cache_scan+0x0/0x2f8 (____ptrval____): nid: 0 unused scan count 0 new scan count 0 total_scan 0 last shrinker return val 0
             cat-189   [000] ....    11.205010: mm_vmscan_wakeup_kswapd: nid=0 zid=2 order=0 gfp_flags=GFP_HIGHUSER_MOVABLE|__GFP_NOWARN|__GFP_NORETRY
         kswapd0-32    [001] ....    11.205242: mm_vmscan_kswapd_wake: nid=0 zid=2 order=0
         kswapd0-32    [001] ....    11.205263: mm_vmscan_inactive_list_is_low: nid=0 reclaim_idx=2 total_inactive=614 inactive=614 total_active=404 active=404 ratio=1 flags=RECLAIM_WB_ANON
         kswapd0-32    [001] d...    11.205294: mm_vmscan_lru_isolate: isolate_mode=0 classzone=2 order=0 nr_requested=10 nr_scanned=10 nr_skipped=0 nr_taken=10 lru=inactive_file
         kswapd0-32    [001] ....    11.205499: mm_vmscan_lru_shrink_inactive: nid=0 nr_scanned=10 nr_reclaimed=10 nr_dirty=0 nr_writeback=0 nr_congested=0 nr_immediate=0 nr_activate=0 nr_ref_keep=0 nr_unmap_fail=0 priority=12 flags=RECLAIM_WB_FILE|RECLAIM_WB_ASYNC
         kswapd0-32    [001] ....    11.205507: mm_vmscan_inactive_list_is_low: nid=0 reclaim_idx=2 total_inactive=614 inactive=614 total_active=404 active=404 ratio=1 flags=RECLAIM_WB_ANON
         kswapd0-32    [001] ....    11.205532: mm_shrink_slab_start: super_cache_scan+0x0/0x2f8 (____ptrval____): nid: 0 objects to shrink 0 gfp_flags GFP_KERNEL cache items 1 delta 0 total_scan 0 priority 12
         kswapd0-32    [001] ....    11.205537: mm_shrink_slab_end: super_cache_scan+0x0/0x2f8 (____ptrval____): nid: 0 unused scan count 0 new scan count 0 total_scan 0 last shrinker return val 0
         kswapd0-32    [001] ....    11.205559: mm_vmscan_inactive_list_is_low: nid=0 reclaim_idx=2 total_inactive=614 inactive=614 total_active=404 active=404 ratio=1 flags=RECLAIM_WB_ANON
         kswapd0-32    [001] d...    11.205590: mm_vmscan_lru_isolate: isolate_mode=0 classzone=2 order=0 nr_requested=21 nr_scanned=21 nr_skipped=0 nr_taken=21 lru=inactive_file
         kswapd0-32    [001] ....    11.205877: mm_vmscan_lru_shrink_inactive: nid=0 nr_scanned=21 nr_reclaimed=21 nr_dirty=0 nr_writeback=0 nr_congested=0 nr_immediate=0 nr_activate=0 nr_ref_keep=0 nr_unmap_fail=0 priority=11 flags=RECLAIM_WB_FILE|RECLAIM_WB_ASYNC
         kswapd0-32    [001] ....    11.205885: mm_vmscan_inactive_list_is_low: nid=0 reclaim_idx=2 total_inactive=614 inactive=614 total_active=404 active=404 ratio=1 flags=RECLAIM_WB_ANON
         kswapd0-32    [001] ....    11.205901: mm_shrink_slab_start: super_cache_scan+0x0/0x2f8 (____ptrval____): nid: 0 objects to shrink 0 gfp_flags GFP_KERNEL cache items 1 delta 0 total_scan 0 priority 11
         kswapd0-32    [001] ....    11.205905: mm_shrink_slab_end: super_cache_scan+0x0/0x2f8 (____ptrval____): nid: 0 unused scan count 0 new scan count 0 total_scan 0 last shrinker return val 0
         kswapd0-32    [001] ....    11.205913: mm_vmscan_inactive_list_is_low: nid=0 reclaim_idx=2 total_inactive=614 inactive=614 total_active=404 active=404 ratio=1 flags=RECLAIM_WB_ANON
         kswapd0-32    [001] d...    11.205951: mm_vmscan_lru_isolate: isolate_mode=0 classzone=2 order=0 nr_requested=32 nr_scanned=32 nr_skipped=0 nr_taken=32 lru=inactive_file
         kswapd0-32    [001] ....    11.206348: mm_vmscan_lru_shrink_inactive: nid=0 nr_scanned=32 nr_reclaimed=32 nr_dirty=0 nr_writeback=0 nr_congested=0 nr_immediate=0 nr_activate=0 nr_ref_keep=0 nr_unmap_fail=0 priority=10 flags=RECLAIM_WB_FILE|RECLAIM_WB_ASYNC
         kswapd0-32    [001] d...    11.206364: mm_vmscan_lru_isolate: isolate_mode=0 classzone=2 order=0 nr_requested=10 nr_scanned=10 nr_skipped=0 nr_taken=10 lru=inactive_file
         kswapd0-32    [001] ....    11.206504: mm_vmscan_lru_shrink_inactive: nid=0 nr_scanned=10 nr_reclaimed=10 nr_dirty=0 nr_writeback=0 nr_congested=0 nr_immediate=0 nr_activate=0 nr_ref_keep=0 nr_unmap_fail=0 priority=10 flags=RECLAIM_WB_FILE|RECLAIM_WB_ASYNC
         kswapd0-32    [001] ....    11.206510: mm_vmscan_inactive_list_is_low: nid=0 reclaim_idx=2 total_inactive=614 inactive=614 total_active=404 active=404 ratio=1 flags=RECLAIM_WB_ANON
         kswapd0-32    [001] ....    11.206523: mm_shrink_slab_start: super_cache_scan+0x0/0x2f8 (____ptrval____): nid: 0 objects to shrink 0 gfp_flags GFP_KERNEL cache items 1 delta 0 total_scan 0 priority 10
         kswapd0-32    [001] ....    11.206527: mm_shrink_slab_end: super_cache_scan+0x0/0x2f8 (____ptrval____): nid: 0 unused scan count 0 new scan count 0 total_scan 0 last shrinker return val 0
         kswapd0-32    [001] ....    11.206534: mm_vmscan_inactive_list_is_low: nid=0 reclaim_idx=2 total_inactive=614 inactive=614 total_active=404 active=404 ratio=1 flags=RECLAIM_WB_ANON
         kswapd0-32    [001] d...    11.206571: mm_vmscan_lru_isolate: isolate_mode=0 classzone=2 order=0 nr_requested=32 nr_scanned=32 nr_skipped=0 nr_taken=32 lru=inactive_file
         kswapd0-32    [001] ....    11.206977: mm_vmscan_lru_shrink_inactive: nid=0 nr_scanned=32 nr_reclaimed=32 nr_dirty=0 nr_writeback=0 nr_congested=0 nr_immediate=0 nr_activate=0 nr_ref_keep=0 nr_unmap_fail=0 priority=9 flags=RECLAIM_WB_FILE|RECLAIM_WB_ASYNC
         kswapd0-32    [001] d...    11.207014: mm_vmscan_lru_isolate: isolate_mode=0 classzone=2 order=0 nr_requested=32 nr_scanned=32 nr_skipped=0 nr_taken=32 lru=inactive_file
         kswapd0-32    [001] ....    11.207435: mm_vmscan_lru_shrink_inactive: nid=0 nr_scanned=32 nr_reclaimed=32 nr_dirty=0 nr_writeback=0 nr_congested=0 nr_immediate=0 nr_activate=0 nr_ref_keep=0 nr_unmap_fail=0 priority=9 flags=RECLAIM_WB_FILE|RECLAIM_WB_ASYNC
         kswapd0-32    [001] d...    11.207461: mm_vmscan_lru_isolate: isolate_mode=0 classzone=2 order=0 nr_requested=20 nr_scanned=20 nr_skipped=0 nr_taken=20 lru=inactive_file
         kswapd0-32    [001] ....    11.207711: mm_vmscan_lru_shrink_inactive: nid=0 nr_scanned=20 nr_reclaimed=20 nr_dirty=0 nr_writeback=0 nr_congested=0 nr_immediate=0 nr_activate=0 nr_ref_keep=0 nr_unmap_fail=0 priority=9 flags=RECLAIM_WB_FILE|RECLAIM_WB_ASYNC
         kswapd0-32    [001] ....    11.207717: mm_vmscan_inactive_list_is_low: nid=0 reclaim_idx=2 total_inactive=614 inactive=614 total_active=404 active=404 ratio=1 flags=RECLAIM_WB_ANON
         kswapd0-32    [001] ....    11.207732: mm_shrink_slab_start: super_cache_scan+0x0/0x2f8 (____ptrval____): nid: 0 objects to shrink 0 gfp_flags GFP_KERNEL cache items 1 delta 0 total_scan 0 priority 9
         kswapd0-32    [001] ....    11.207736: mm_shrink_slab_end: super_cache_scan+0x0/0x2f8 (____ptrval____): nid: 0 unused scan count 0 new scan count 0 total_scan 0 last shrinker return val 0
         kswapd0-32    [001] ....    11.207744: mm_vmscan_inactive_list_is_low: nid=0 reclaim_idx=2 total_inactive=614 inactive=614 total_active=404 active=404 ratio=1 flags=RECLAIM_WB_ANON
         kswapd0-32    [001] d...    11.207781: mm_vmscan_lru_isolate: isolate_mode=0 classzone=2 order=0 nr_requested=32 nr_scanned=32 nr_skipped=0 nr_taken=32 lru=inactive_file
         kswapd0-32    [001] ....    11.208492: mm_vmscan_lru_shrink_inactive: nid=0 nr_scanned=32 nr_reclaimed=32 nr_dirty=0 nr_writeback=0 nr_congested=0 nr_immediate=0 nr_activate=0 nr_ref_keep=0 nr_unmap_fail=0 priority=8 flags=RECLAIM_WB_FILE|RECLAIM_WB_ASYNC
         kswapd0-32    [001] d...    11.208535: mm_vmscan_lru_isolate: isolate_mode=0 classzone=2 order=0 nr_requested=32 nr_scanned=32 nr_skipped=0 nr_taken=32 lru=inactive_file
         kswapd0-32    [001] ....    11.208932: mm_vmscan_lru_shrink_inactive: nid=0 nr_scanned=32 nr_reclaimed=32 nr_dirty=0 nr_writeback=0 nr_congested=0 nr_immediate=0 nr_activate=0 nr_ref_keep=0 nr_unmap_fail=0 priority=8 flags=RECLAIM_WB_FILE|RECLAIM_WB_ASYNC
         kswapd0-32    [001] d...    11.208964: mm_vmscan_lru_isolate: isolate_mode=0 classzone=2 order=0 nr_requested=32 nr_scanned=32 nr_skipped=0 nr_taken=32 lru=inactive_file
         kswapd0-32    [001] ....    11.209395: mm_vmscan_lru_shrink_inactive: nid=0 nr_scanned=32 nr_reclaimed=32 nr_dirty=0 nr_writeback=0 nr_congested=0 nr_immediate=0 nr_activate=0 nr_ref_keep=0 nr_unmap_fail=0 priority=8 flags=RECLAIM_WB_FILE|RECLAIM_WB_ASYNC
         kswapd0-32    [001] d...    11.209433: mm_vmscan_lru_isolate: isolate_mode=0 classzone=2 order=0 nr_requested=32 nr_scanned=32 nr_skipped=0 nr_taken=32 lru=inactive_file
         kswapd0-32    [001] ....    11.209835: mm_vmscan_lru_shrink_inactive: nid=0 nr_scanned=32 nr_reclaimed=32 nr_dirty=0 nr_writeback=0 nr_congested=0 nr_immediate=0 nr_activate=0 nr_ref_keep=0 nr_unmap_fail=0 priority=8 flags=RECLAIM_WB_FILE|RECLAIM_WB_ASYNC
         kswapd0-32    [001] d...    11.209871: mm_vmscan_lru_isolate: isolate_mode=0 classzone=2 order=0 nr_requested=32 nr_scanned=32 nr_skipped=0 nr_taken=32 lru=inactive_file
         kswapd0-32    [001] ....    11.210323: mm_vmscan_lru_shrink_inactive: nid=0 nr_scanned=32 nr_reclaimed=32 nr_dirty=0 nr_writeback=0 nr_congested=0 nr_immediate=0 nr_activate=0 nr_ref_keep=0 nr_unmap_fail=0 priority=8 flags=RECLAIM_WB_FILE|RECLAIM_WB_ASYNC
         kswapd0-32    [001] d...    11.210342: mm_vmscan_lru_isolate: isolate_mode=0 classzone=2 order=0 nr_requested=9 nr_scanned=9 nr_skipped=0 nr_taken=9 lru=inactive_file
         kswapd0-32    [001] ....    11.210481: mm_vmscan_lru_shrink_inactive: nid=0 nr_scanned=9 nr_reclaimed=9 nr_dirty=0 nr_writeback=0 nr_congested=0 nr_immediate=0 nr_activate=0 nr_ref_keep=0 nr_unmap_fail=0 priority=8 flags=RECLAIM_WB_FILE|RECLAIM_WB_ASYNC
         kswapd0-32    [001] ....    11.210493: mm_vmscan_inactive_list_is_low: nid=0 reclaim_idx=2 total_inactive=614 inactive=614 total_active=404 active=404 ratio=1 flags=RECLAIM_WB_ANON
         kswapd0-32    [001] ....    11.210532: mm_shrink_slab_start: super_cache_scan+0x0/0x2f8 (____ptrval____): nid: 0 objects to shrink 0 gfp_flags GFP_KERNEL cache items 1 delta 0 total_scan 0 priority 8
         kswapd0-32    [001] ....    11.210539: mm_shrink_slab_end: super_cache_scan+0x0/0x2f8 (____ptrval____): nid: 0 unused scan count 0 new scan count 0 total_scan 0 last shrinker return val 0
             cat-189   [000] ....    11.213581: mm_vmscan_wakeup_kswapd: nid=0 zid=2 order=0 gfp_flags=GFP_HIGHUSER_MOVABLE|__GFP_NOWARN|__GFP_NORETRY
         kswapd0-32    [001] ....    11.213828: mm_vmscan_kswapd_wake: nid=0 zid=2 order=0
         kswapd0-32    [001] ....    11.213846: mm_vmscan_inactive_list_is_low: nid=0 reclaim_idx=2 total_inactive=614 inactive=614 total_active=404 active=404 ratio=1 flags=RECLAIM_WB_ANON
         kswapd0-32    [001] d...    11.213877: mm_vmscan_lru_isolate: isolate_mode=0 classzone=2 order=0 nr_requested=10 nr_scanned=10 nr_skipped=0 nr_taken=10 lru=inactive_file
         kswapd0-32    [001] ....    11.214040: mm_vmscan_lru_shrink_inactive: nid=0 nr_scanned=10 nr_reclaimed=10 nr_dirty=0 nr_writeback=0 nr_congested=0 nr_immediate=0 nr_activate=0 nr_ref_keep=0 nr_unmap_fail=0 priority=12 flags=RECLAIM_WB_FILE|RECLAIM_WB_ASYNC
         kswapd0-32    [001] ....    11.214046: mm_vmscan_inactive_list_is_low: nid=0 reclaim_idx=2 total_inactive=614 inactive=614 total_active=404 active=404 ratio=1 flags=RECLAIM_WB_ANON
         kswapd0-32    [001] ....    11.214069: mm_shrink_slab_start: super_cache_scan+0x0/0x2f8 (____ptrval____): nid: 0 objects to shrink 0 gfp_flags GFP_KERNEL cache items 1 delta 0 total_scan 0 priority 12
         kswapd0-32    [001] ....    11.214073: mm_shrink_slab_end: super_cache_scan+0x0/0x2f8 (____ptrval____): nid: 0 unused scan count 0 new scan count 0 total_scan 0 last shrinker return val 0
         kswapd0-32    [001] ....    11.214084: mm_vmscan_inactive_list_is_low: nid=0 reclaim_idx=2 total_inactive=614 inactive=614 total_active=404 active=404 ratio=1 flags=RECLAIM_WB_ANON
         kswapd0-32    [001] d...    11.214114: mm_vmscan_lru_isolate: isolate_mode=0 classzone=2 order=0 nr_requested=21 nr_scanned=21 nr_skipped=0 nr_taken=21 lru=inactive_file
         kswapd0-32    [001] ....    11.214378: mm_vmscan_lru_shrink_inactive: nid=0 nr_scanned=21 nr_reclaimed=21 nr_dirty=0 nr_writeback=0 nr_congested=0 nr_immediate=0 nr_activate=0 nr_ref_keep=0 nr_unmap_fail=0 priority=11 flags=RECLAIM_WB_FILE|RECLAIM_WB_ASYNC
         kswapd0-32    [001] ....    11.214383: mm_vmscan_inactive_list_is_low: nid=0 reclaim_idx=2 total_inactive=614 inactive=614 total_active=404 active=404 ratio=1 flags=RECLAIM_WB_ANON
         kswapd0-32    [001] ....    11.214397: mm_shrink_slab_start: super_cache_scan+0x0/0x2f8 (____ptrval____): nid: 0 objects to shrink 0 gfp_flags GFP_KERNEL cache items 1 delta 0 total_scan 0 priority 11
         kswapd0-32    [001] ....    11.214400: mm_shrink_slab_end: super_cache_scan+0x0/0x2f8 (____ptrval____): nid: 0 unused scan count 0 new scan count 0 total_scan 0 last shrinker return val 0
         kswapd0-32    [001] ....    11.214407: mm_vmscan_inactive_list_is_low: nid=0 reclaim_idx=2 total_inactive=614 inactive=614 total_active=404 active=404 ratio=1 flags=RECLAIM_WB_ANON
         kswapd0-32    [001] d...    11.214453: mm_vmscan_lru_isolate: isolate_mode=0 classzone=2 order=0 nr_requested=32 nr_scanned=32 nr_skipped=0 nr_taken=32 lru=inactive_file
         kswapd0-32    [001] ....    11.214857: mm_vmscan_lru_shrink_inactive: nid=0 nr_scanned=32 nr_reclaimed=32 nr_dirty=0 nr_writeback=0 nr_congested=0 nr_immediate=0 nr_activate=0 nr_ref_keep=0 nr_unmap_fail=0 priority=10 flags=RECLAIM_WB_FILE|RECLAIM_WB_ASYNC
         kswapd0-32    [001] d...    11.214885: mm_vmscan_lru_isolate: isolate_mode=0 classzone=2 order=0 nr_requested=10 nr_scanned=10 nr_skipped=0 nr_taken=10 lru=inactive_file
         kswapd0-32    [001] ....    11.215015: mm_vmscan_lru_shrink_inactive: nid=0 nr_scanned=10 nr_reclaimed=10 nr_dirty=0 nr_writeback=0 nr_congested=0 nr_immediate=0 nr_activate=0 nr_ref_keep=0 nr_unmap_fail=0 priority=10 flags=RECLAIM_WB_FILE|RECLAIM_WB_ASYNC
         kswapd0-32    [001] ....    11.215020: mm_vmscan_inactive_list_is_low: nid=0 reclaim_idx=2 total_inactive=614 inactive=614 total_active=404 active=404 ratio=1 flags=RECLAIM_WB_ANON
         kswapd0-32    [001] ....    11.215101: mm_shrink_slab_start: super_cache_scan+0x0/0x2f8 (____ptrval____): nid: 0 objects to shrink 0 gfp_flags GFP_KERNEL cache items 1 delta 0 total_scan 0 priority 10
         kswapd0-32    [001] ....    11.215140: mm_shrink_slab_end: super_cache_scan+0x0/0x2f8 (____ptrval____): nid: 0 unused scan count 0 new scan count 0 total_scan 0 last shrinker return val 0
         kswapd0-32    [001] ....    11.215168: mm_vmscan_inactive_list_is_low: nid=0 reclaim_idx=2 total_inactive=614 inactive=614 total_active=404 active=404 ratio=1 flags=RECLAIM_WB_ANON
         kswapd0-32    [001] d...    11.215212: mm_vmscan_lru_isolate: isolate_mode=0 classzone=2 order=0 nr_requested=32 nr_scanned=32 nr_skipped=0 nr_taken=32 lru=inactive_file
         kswapd0-32    [001] ....    11.215668: mm_vmscan_lru_shrink_inactive: nid=0 nr_scanned=32 nr_reclaimed=32 nr_dirty=0 nr_writeback=0 nr_congested=0 nr_immediate=0 nr_activate=0 nr_ref_keep=0 nr_unmap_fail=0 priority=9 flags=RECLAIM_WB_FILE|RECLAIM_WB_ASYNC
         kswapd0-32    [001] d...    11.215722: mm_vmscan_lru_isolate: isolate_mode=0 classzone=2 order=0 nr_requested=32 nr_scanned=32 nr_skipped=0 nr_taken=32 lru=inactive_file
         kswapd0-32    [001] ....    11.216313: mm_vmscan_lru_shrink_inactive: nid=0 nr_scanned=32 nr_reclaimed=32 nr_dirty=0 nr_writeback=0 nr_congested=0 nr_immediate=0 nr_activate=0 nr_ref_keep=0 nr_unmap_fail=0 priority=9 flags=RECLAIM_WB_FILE|RECLAIM_WB_ASYNC
         kswapd0-32    [001] d...    11.216342: mm_vmscan_lru_isolate: isolate_mode=0 classzone=2 order=0 nr_requested=20 nr_scanned=20 nr_skipped=0 nr_taken=20 lru=inactive_file
         kswapd0-32    [001] ....    11.216592: mm_vmscan_lru_shrink_inactive: nid=0 nr_scanned=20 nr_reclaimed=20 nr_dirty=0 nr_writeback=0 nr_congested=0 nr_immediate=0 nr_activate=0 nr_ref_keep=0 nr_unmap_fail=0 priority=9 flags=RECLAIM_WB_FILE|RECLAIM_WB_ASYNC
         kswapd0-32    [001] ....    11.216600: mm_vmscan_inactive_list_is_low: nid=0 reclaim_idx=2 total_inactive=614 inactive=614 total_active=404 active=404 ratio=1 flags=RECLAIM_WB_ANON
         kswapd0-32    [001] ....    11.216621: mm_shrink_slab_start: super_cache_scan+0x0/0x2f8 (____ptrval____): nid: 0 objects to shrink 0 gfp_flags GFP_KERNEL cache items 1 delta 0 total_scan 0 priority 9
         kswapd0-32    [001] ....    11.216626: mm_shrink_slab_end: super_cache_scan+0x0/0x2f8 (____ptrval____): nid: 0 unused scan count 0 new scan count 0 total_scan 0 last shrinker return val 0
         kswapd0-32    [001] ....    11.216636: mm_vmscan_inactive_list_is_low: nid=0 reclaim_idx=2 total_inactive=614 inactive=614 total_active=404 active=404 ratio=1 flags=RECLAIM_WB_ANON
         kswapd0-32    [001] d...    11.216674: mm_vmscan_lru_isolate: isolate_mode=0 classzone=2 order=0 nr_requested=32 nr_scanned=32 nr_skipped=0 nr_taken=32 lru=inactive_file
         kswapd0-32    [001] ....    11.217104: mm_vmscan_lru_shrink_inactive: nid=0 nr_scanned=32 nr_reclaimed=32 nr_dirty=0 nr_writeback=0 nr_congested=0 nr_immediate=0 nr_activate=0 nr_ref_keep=0 nr_unmap_fail=0 priority=8 flags=RECLAIM_WB_FILE|RECLAIM_WB_ASYNC
         kswapd0-32    [001] d...    11.217142: mm_vmscan_lru_isolate: isolate_mode=0 classzone=2 order=0 nr_requested=32 nr_scanned=32 nr_skipped=0 nr_taken=32 lru=inactive_file
         kswapd0-32    [001] ....    11.217617: mm_vmscan_lru_shrink_inactive: nid=0 nr_scanned=32 nr_reclaimed=32 nr_dirty=0 nr_writeback=0 nr_congested=0 nr_immediate=0 nr_activate=0 nr_ref_keep=0 nr_unmap_fail=0 priority=8 flags=RECLAIM_WB_FILE|RECLAIM_WB_ASYNC
         kswapd0-32    [001] d...    11.217662: mm_vmscan_lru_isolate: isolate_mode=0 classzone=2 order=0 nr_requested=32 nr_scanned=32 nr_skipped=0 nr_taken=32 lru=inactive_file
         kswapd0-32    [001] ....    11.218067: mm_vmscan_lru_shrink_inactive: nid=0 nr_scanned=32 nr_reclaimed=32 nr_dirty=0 nr_writeback=0 nr_congested=0 nr_immediate=0 nr_activate=0 nr_ref_keep=0 nr_unmap_fail=0 priority=8 flags=RECLAIM_WB_FILE|RECLAIM_WB_ASYNC
         kswapd0-32    [001] d...    11.218102: mm_vmscan_lru_isolate: isolate_mode=0 classzone=2 order=0 nr_requested=32 nr_scanned=32 nr_skipped=0 nr_taken=32 lru=inactive_file
         kswapd0-32    [001] ....    11.218499: mm_vmscan_lru_shrink_inactive: nid=0 nr_scanned=32 nr_reclaimed=32 nr_dirty=0 nr_writeback=0 nr_congested=0 nr_immediate=0 nr_activate=0 nr_ref_keep=0 nr_unmap_fail=0 priority=8 flags=RECLAIM_WB_FILE|RECLAIM_WB_ASYNC
         kswapd0-32    [001] d...    11.218531: mm_vmscan_lru_isolate: isolate_mode=0 classzone=2 order=0 nr_requested=32 nr_scanned=32 nr_skipped=0 nr_taken=32 lru=inactive_file
         kswapd0-32    [001] ....    11.218935: mm_vmscan_lru_shrink_inactive: nid=0 nr_scanned=32 nr_reclaimed=32 nr_dirty=0 nr_writeback=0 nr_congested=0 nr_immediate=0 nr_activate=0 nr_ref_keep=0 nr_unmap_fail=0 priority=8 flags=RECLAIM_WB_FILE|RECLAIM_WB_ASYNC
         kswapd0-32    [001] d...    11.218952: mm_vmscan_lru_isolate: isolate_mode=0 classzone=2 order=0 nr_requested=9 nr_scanned=9 nr_skipped=0 nr_taken=9 lru=inactive_file
         kswapd0-32    [001] ....    11.219084: mm_vmscan_lru_shrink_inactive: nid=0 nr_scanned=9 nr_reclaimed=9 nr_dirty=0 nr_writeback=0 nr_congested=0 nr_immediate=0 nr_activate=0 nr_ref_keep=0 nr_unmap_fail=0 priority=8 flags=RECLAIM_WB_FILE|RECLAIM_WB_ASYNC
         kswapd0-32    [001] ....    11.219092: mm_vmscan_inactive_list_is_low: nid=0 reclaim_idx=2 total_inactive=614 inactive=614 total_active=404 active=404 ratio=1 flags=RECLAIM_WB_ANON
         kswapd0-32    [001] ....    11.219116: mm_shrink_slab_start: super_cache_scan+0x0/0x2f8 (____ptrval____): nid: 0 objects to shrink 0 gfp_flags GFP_KERNEL cache items 1 delta 0 total_scan 0 priority 8
         kswapd0-32    [001] ....    11.219120: mm_shrink_slab_end: super_cache_scan+0x0/0x2f8 (____ptrval____): nid: 0 unused scan count 0 new scan count 0 total_scan 0 last shrinker return val 0
